Unnamed: 0,Time (h),Aeration rate(Fg:L/h),Agitator RPM(RPM:RPM),Sugar feed rate(Fs:L/h),Acid flow rate(Fa:L/h),Base flow rate(Fb:L/h),Heating/cooling water flow rate(Fc:L/h),Heating water flow rate(Fh:L/h),Water for injection/dilution(Fw:L/h),Air head pressure(pressure:bar),Dumped broth flow(Fremoved:L/h),Substrate concentration(S:g/L),Dissolved oxygen concentration(DO2:mg/L),Penicillin concentration(P:g/L),Vessel Volume(V:L),Vessel Weight(Wt:Kg),pH(pH:pH),Temperature(T:K),Generated heat(Q:kJ),carbon dioxide percent in off-gas(CO2outgas:%),PAA flow(Fpaa:PAA flow (L/h)),Oil flow(Foil:L/hr),Oxygen Uptake Rate(OUR:(g min^{-1})),Oxygen in percent in off-gas(O2:O2  (%)),Carbon evolution rate(CER:g/h),Ammonia shots(NH3_shots:kgs),Fault reference(Fault_ref:Fault ref),0 - Recipe driven 1 - Operator controlled(Control_ref:Control ref),Batch Name,Start Index,End Index,pH(pH:pH)_lowess
0,0.2,30,100,8,0.0,30.118,9.8335,0.0001,0,0.6,0,0.95749,14.711,1.02e-25,58479,62574,6.4472,298.22,1e-06,0.089514,5.0,22,0.48051,0.19595,0.034045,0,0,0,Batch_1,0,1129,6.485128323192476
1,0.4,30,100,8,0.0,51.221,18.155,0.0001,0,0.6,0,1.0046,14.699,0.001,58487,62585,6.4932,298.17,1e-06,0.10176,5.0,22,0.058147,0.2039,0.038702,0,0,0,Batch_1,0,1129,6.4943651609993776
2,0.6,30,100,8,0.0,54.302,9.5982,0.0001,0,0.6,0,1.0498,14.686,0.00099934,58495,62598,6.5425,298.14,1e-06,0.1058,5.0,22,-0.041505,0.20575,0.04024,0,0,0,Batch_1,0,1129,6.503384744039177
3,0.8,30,100,8,0.0,37.816,4.3395,0.0001,0,0.6,0,1.0942,14.661,0.00099874,58499,62607,6.5753,298.11,1e-06,0.10819,5.0,22,-0.056737,0.20602,0.041149,0,0,0,Batch_1,0,1129,6.5121474689996
4,1.0,30,100,8,0.5181,18.908,1.1045,0.0001,0,0.6,0,1.137,14.633,0.00099821,58501,62613,6.5825,298.09,1e-06,0.1103,5.0,22,-0.049975,0.20589,0.041951,0,0,0,Batch_1,0,1129,6.52124346757704
5,1.2,30,100,8,1.0387,9.4541,0.0001,0.0001,0,0.6,0,1.1782,14.621,0.00099771,58500,62617,6.5717,298.08,1e-06,0.11242,5.0,22,-0.045267,0.2058,0.042758,0,0,0,Batch_1,0,1129,6.533388308577557
6,1.4,30,100,8,1.5604,4.727,0.0001,0.0001,0,0.6,0,1.2172,14.604,0.00099722,58498,62620,6.5521,298.07,1e-06,0.11463,5.0,22,-0.039369,0.20569,0.043599,0,0,0,Batch_1,0,1129,6.551987593342696
7,1.6,30,100,8,2.0823,2.3635,0.0001,0.0001,0,0.6,0,1.2544,14.583,0.00099674,58497,62622,6.5287,298.06,1e-06,0.11694,5.0,22,-0.031033,0.20553,0.044478,0,0,0,Batch_1,0,1129,6.528938112755846
8,1.8,30,100,8,0.0,0.0,0.0001,0.0001,0,0.6,0,1.2891,14.547,0.00099627,58494,62624,6.5061,298.06,1e-06,0.11936,5.0,22,-0.016025,0.20524,0.045398,0,0,0,Batch_1,0,1129,6.516738003227843
9,2.0,30,100,8,0.0,0.0,0.51077,0.0001,0,0.6,0,1.3218,14.529,0.0009958,58491,62626,6.4844,298.05,1e-06,0.12189,5.0,22,-0.0071831,0.20507,0.046361,0,0,0,Batch_1,0,1129,6.513823333041712
10,2.2,30,100,8,0.0,6.7741,1.638,0.0001,0,0.6,0,1.3523,14.509,0.0009953,58490,62629,6.4728,298.05,1e-06,0.12453,5.0,22,0.00095122,0.20492,0.047367,0,0,0,Batch_1,0,1129,6.509137941907842
11,2.4,30,100,8,0.0,18.126,3.2411,0.0001,0,0.6,0,1.3804,14.496,0.00099477,58491,62634,6.4764,298.05,0.0275,0.12729,5.0,22,0.0054429,0.20483,0.048418,0,0,0,Batch_1,0,1129,6.503928022489789
12,2.6,30,100,8,0.0,28.037,5.2094,0.0001,0,0.6,0,1.406,14.462,0.00099421,58494,62642,6.4915,298.05,0.27393,0.13018,5.0,22,0.018177,0.20458,0.049515,0,0,0,Batch_1,0,1129,6.500413252765307
13,2.8,30,100,8,0.0,31.908,7.4531,0.0001,0,0.6,0,1.429,14.434,0.00099363,58497,62650,6.51,298.05,0.62348,0.13318,5.0,22,0.030167,0.20435,0.050658,0,0,0,Batch_1,0,1129,6.501818061680465
14,3.0,30,100,8,0.0,28.397,9.8571,0.0001,0,0.6,0,1.4495,14.408,0.00099306,58500,62657,6.5233,298.05,0.98893,0.13631,5.0,22,0.040673,0.20415,0.05185,0,0,0,Batch_1,0,1129,6.502580283479232
15,3.2,30,100,15,0.0,19.594,12.327,0.0001,0,0.6,0,1.4813,14.372,0.00099251,58503,62665,6.5239,298.06,1.2113,0.13957,5.0,22,0.054921,0.20388,0.053091,0,0,0,Batch_1,0,1129,6.502238009936181
16,3.4,30,100,15,0.0,10.588,14.665,0.0001,0,0.6,0,1.5099,14.326,0.00099198,58503,62670,6.5122,298.06,1.4427,0.14297,5.0,22,0.074225,0.20351,0.054382,0,0,0,Batch_1,0,1129,6.5010341254833754
17,3.6,30,100,15,0.0,6.2774,17.049,0.0001,0,0.6,0,1.5362,14.289,0.00099147,58503,62675,6.4945,298.06,1.8352,0.14649,5.0,22,0.091194,0.20319,0.055722,0,0,0,Batch_1,0,1129,6.499505019913312
18,3.8,30,100,15,0.0,9.0006,19.671,0.0001,0,0.6,0,1.5601,14.254,0.00099095,58504,62681,6.4808,298.06,2.5867,0.15015,5.0,22,0.10584,0.20291,0.057114,0,0,0,Batch_1,0,1129,6.498061885963628
19,4.0,30,100,15,0.0,17.201,22.803,0.0001,0,0.6,0,1.5812,14.213,0.00099039,58506,62688,6.4791,298.06,3.0896,0.15395,5.0,22,0.12264,0.20258,0.058562,0,0,0,Batch_1,0,1129,6.497957118173404
20,4.2,30,100,15,0.0,26.041,25.712,0.0001,0,0.6,0,1.6269,14.168,0.00098981,58510,62698,6.4889,298.06,3.2798,0.1579,5.0,30,0.13701,0.20231,0.060065,0,0,0,Batch_1,0,1129,6.499038792016014
21,4.4,30,100,15,0.0,30.979,28.297,0.0001,0,0.6,0,1.6703,14.13,0.00098922,58515,62709,6.5052,298.07,3.9021,0.16198,5.0,30,0.15252,0.20201,0.061618,0,0,0,Batch_1,0,1129,6.5004927737527565
22,4.6,30,100,15,0.0,29.382,31.47,0.0001,0,0.6,0,1.7103,14.083,0.00098863,58519,62720,6.5188,298.07,4.345,0.1662,5.0,30,0.17099,0.20165,0.063224,0,0,0,Batch_1,0,1129,6.5015232644471554
23,4.8,30,100,15,0.0,22.389,34.489,0.0001,0,0.6,0,1.7475,14.049,0.00098806,58522,62729,6.5223,298.07,5.3331,0.17057,5.0,30,0.18465,0.20139,0.064885,0,0,0,Batch_1,0,1129,6.501337173722747
24,5.0,30,100,15,0.0,14.017,38.272,0.0001,0,0.6,0,1.7819,14.003,0.00098753,58524,62737,6.5126,298.08,6.647,0.17508,5.0,30,0.20142,0.20106,0.066604,0,0,0,Batch_1,0,1129,6.499917311671054
25,5.2,30,100,15,0.0,9.552,42.595,0.0001,0,0.6,0,1.8122,13.967,0.00098702,58523,62743,6.4954,298.08,7.8168,0.17976,0.0,30,0.21438,0.20081,0.068385,0,0,0,Batch_1,0,1129,6.498262005599777
26,5.4,30,100,15,0.0,11.944,46.907,0.0001,0,0.6,0,1.839,13.923,0.00098651,58523,62749,6.4821,298.08,8.7216,0.1846,0.0,30,0.22995,0.20051,0.070228,0,0,0,Batch_1,0,1129,6.496448511128539
27,5.6,30,100,15,0.0,19.592,51.046,0.0001,0,0.6,0,1.8633,13.875,0.00098597,58525,62757,6.4792,298.09,9.9082,0.1896,0.0,30,0.24847,0.20015,0.07213,0,0,0,Batch_1,0,1129,6.49641570994189
28,5.8,30,100,15,0.0,28.416,55.68,0.0001,0,0.6,0,1.8842,13.83,0.0009854,58528,62767,6.4876,298.09,9.817,0.19475,0.0,30,0.26607,0.19981,0.074088,0,0,0,Batch_1,0,1129,6.498006265402242
29,6.0,30,100,15,0.0,33.855,58.835,0.0001,0,0.6,0,1.9017,13.797,0.00098481,58533,62778,6.5015,298.08,8.9182,0.20005,0.0,30,0.2775,0.19958,0.076105,0,0,0,Batch_1,0,1129,6.500451561252284
30,6.2,30,100,15,0.0,33.741,60.978,0.0001,0,0.6,0,1.915,13.745,0.00098423,58537,62789,6.5145,298.08,8.6957,0.20552,0.0,30,0.29452,0.19925,0.078189,0,0,0,Batch_1,0,1129,6.502822131427907
31,6.4,30,100,15,0.0,28.466,63.885,0.0001,0,0.6,0,1.9241,13.692,0.00098366,58540,62798,6.5194,298.09,10.104,0.21118,0.0,30,0.31348,0.19888,0.080341,0,0,0,Batch_1,0,1129,6.503483553507139
32,6.6,30,100,15,0.0,21.244,68.83,0.0001,0,0.6,0,1.93,13.648,0.00098312,58542,62806,6.5144,298.09,9.3355,0.21701,0.0,30,0.32857,0.19858,0.082563,0,0,0,Batch_1,0,1129,6.502362227807703
33,6.8,30,100,15,0.0,16.017,71.138,0.0001,0,0.6,0,1.9325,13.596,0.00098259,58543,62814,6.5012,298.09,9.2838,0.22303,0.0,30,0.34544,0.19825,0.084854,0,0,0,Batch_1,0,1129,6.500083844736521
34,7.0,30,100,15,0.0,16.096,74.318,0.0001,0,0.6,0,1.931,13.527,0.00098207,58544,62821,6.4886,298.08,9.0259,0.22924,0.0,30,0.37052,0.19776,0.087217,0,0,0,Batch_1,0,1129,6.4971530025196484
35,7.2,30,100,15,0.0,21.177,77.207,0.0001,0,0.6,0,1.9253,13.455,0.00098153,58546,62829,6.482,298.08,8.2531,0.23564,0.0,30,0.39836,0.19722,0.089656,0,0,0,Batch_1,0,1129,6.495490981708293
36,7.4,30,100,15,0.0,28.898,79.407,0.0001,0,0.6,0,1.9156,13.401,0.00098096,58549,62839,6.4855,298.08,6.8575,0.24224,0.0,30,0.41999,0.1968,0.092166,0,0,0,Batch_1,0,1129,6.495907985589178
37,7.6,30,100,15,0.0,35.196,80.716,0.0001,0,0.6,0,1.9014,13.333,0.00098037,58554,62850,6.4951,298.08,7.8167,0.24903,0.0,30,0.444,0.19633,0.094753,0,0,0,Batch_1,0,1129,6.497993411625724
38,7.8,30,100,15,0.0,37.665,84.863,0.0001,0,0.6,0,1.8833,13.276,0.00097977,58559,62861,6.5054,298.08,8.7817,0.25603,0.0,30,0.46436,0.19593,0.097418,0,0,0,Batch_1,0,1129,6.501235180210069
39,8.0,30,100,15,0.0,36.02,89.084,0.0001,0,0.6,0,1.8607,13.222,0.00097918,58564,62872,6.5128,298.09,9.8352,0.26324,0.0,30,0.48107,0.1956,0.10016,0,0,0,Batch_1,0,1129,6.50345874789091
40,8.2,42,100,15,0.0,31.438,93.552,0.0001,0,0.6,0,1.8336,13.331,0.00097861,58568,62883,6.5144,298.09,11.664,0.21112,0.0,30,0.45819,0.19862,0.11245,0,0,0,Batch_1,0,1129,6.503465968535104
41,8.4,42,100,15,0.0,26.22,99.157,0.0001,0,0.6,0,1.8006,13.254,0.00097805,58571,62892,6.5086,298.1,12.346,0.21015,0.0,30,0.45132,0.19871,0.11193,0,0,0,Batch_1,0,1129,6.501642008586967
42,8.6,42,100,15,0.0,23.338,103.53,0.0001,0,0.6,0,1.7627,13.191,0.00097751,58573,62900,6.4976,298.1,13.047,0.21507,0.0,30,0.46919,0.19846,0.11456,0,0,0,Batch_1,0,1129,6.498282746058975
43,8.8,42,100,15,0.0,24.852,108.05,0.0001,0,0.6,0,1.7182,13.112,0.00097695,58576,62909,6.488,298.11,15.776,0.22089,0.0,30,0.49778,0.19806,0.11765,0,0,0,Batch_1,0,1129,6.494336920157369
44,9.0,42,100,15,0.0,30.166,115.26,0.0001,0,0.6,0,1.6681,13.049,0.00097638,58580,62919,6.4845,298.12,17.587,0.22698,0.0,30,0.51847,0.19777,0.1209,0,0,0,Batch_1,0,1129,6.49174219364531
45,9.2,42,100,15,0.0,36.871,121.62,0.0001,0,0.6,0,1.6111,12.975,0.00097579,58585,62931,6.4847,298.12,19.374,0.2333,0.0,30,0.54284,0.19743,0.12427,0,0,0,Batch_1,0,1129,6.4913244987913155
46,9.4,42,100,15,0.0,43.504,128.22,0.0001,0,0.6,0,1.5493,12.919,0.00097518,58591,62943,6.4889,298.13,20.763,0.23979,0.0,30,0.56083,0.19717,0.12773,0,0,0,Batch_1,0,1129,6.493049525337085
47,9.6,42,100,15,0.0,48.433,134.57,0.0001,0,0.6,0,1.4815,12.842,0.00097454,58598,62957,6.4957,298.14,23.997,0.24647,0.0,30,0.58866,0.19678,0.13129,0,0,0,Batch_1,0,1129,6.496326611941086
48,9.8,42,100,15,0.0,50.664,143.48,0.0001,0,0.6,0,1.4079,12.776,0.00097391,58606,62971,6.5042,298.15,25.96,0.25333,0.0,30,0.60956,0.19649,0.13495,0,0,0,Batch_1,0,1129,6.49961148025169
49,10.0,42,100,15,0.0,49.499,151.16,0.0001,0,0.6,0,1.3281,12.693,0.00097327,58613,62985,6.5089,298.15,26.957,0.2604,0.0,30,0.6385,0.19608,0.13871,0,0,0,Batch_1,0,1129,6.501714703828166
50,10.2,42,100,15,0.0,46.488,157.91,0.0001,0,0.6,0,1.2424,12.601,0.00097265,58620,62998,6.5082,298.15,26.698,0.26768,0.0,30,0.672,0.19561,0.14259,0,0,0,Batch_1,0,1129,6.502267265526063
51,10.4,42,100,15,0.0,43.731,163.22,0.0001,0,0.6,0,1.1493,12.516,0.00097204,58627,63011,6.5039,298.15,25.696,0.27519,0.0,30,0.70032,0.19521,0.1466,0,0,0,Batch_1,0,1129,6.501319618420997
52,10.6,42,100,15,0.0,42.712,167.59,0.0001,0,0.6,0,1.0486,12.41,0.00097143,58633,63023,6.498,298.14,25.128,0.28295,0.0,30,0.73895,0.19467,0.15074,0,0,0,Batch_1,0,1129,6.499251057407551
53,10.8,42,100,15,0.0,44.043,172.39,0.0001,0,0.6,0,0.94074,12.309,0.00097082,58639,63036,6.4931,298.14,23.97,0.29098,0.0,30,0.7746,0.19417,0.15501,0,0,0,Batch_1,0,1129,6.49691644212208
54,11.0,42,100,15,0.0,47.308,176.35,0.0001,0,0.6,0,0.82618,12.221,0.00097019,58646,63049,6.4917,298.14,23.993,0.29925,0.0,30,0.80504,0.19374,0.15942,0,0,0,Batch_1,0,1129,6.4951606557969255
55,11.2,42,100,15,0.0,51.125,181.67,0.0001,0,0.6,0,0.70488,12.132,0.00096956,58654,63063,6.4931,298.12,17.29,0.30775,0.0,30,0.8343,0.19332,0.16396,0,0,0,Batch_1,0,1129,6.494404655129608
56,11.4,42,100,15,0.0,54.39,178.37,0.0001,0,0.6,0,0.57682,12.033,0.00096891,58663,63078,6.4942,298.08,7.2958,0.31649,0.0,30,0.86827,0.19284,0.16861,0,0,0,Batch_1,0,1129,6.494904678537609
57,11.6,42,100,15,0.0,57.231,170.14,0.0001,0,0.6,0,0.44014,11.92,0.00096826,58672,63094,6.495,298.07,4.0842,0.3255,0.0,30,0.90697,0.19229,0.17342,0,0,0,Batch_1,0,1129,6.4966950596630095
58,11.8,42,100,15,0.0,59.744,169.27,0.0001,0,0.6,0,0.29866,11.855,0.0009676,58681,63109,6.4968,298.06,1.1719,0.33475,0.0,30,0.92745,0.19199,0.17835,0,0,0,Batch_1,0,1129,6.499576503410109
59,12.0,42,100,15,0.0,61.535,168.15,0.0001,0,0.6,0,0.15862,11.835,0.00096693,58691,63126,6.5002,298.04,1e-06,0.34413,0.0,30,0.93728,0.19184,0.18335,0,0,0,Batch_1,0,1129,6.503522819915291
60,12.2,42,100,30,0.0,61.979,163.16,0.0001,0,0.6,0,0.061676,11.966,0.00096622,58704,63146,6.5075,298.03,1e-06,0.35344,0.0,30,0.9102,0.19219,0.18832,0,0,0,Batch_1,0,1129,6.508600750777945
61,12.4,42,100,30,0.0,59.487,163.22,0.0001,0,0.6,0,0.016875,12.564,0.00096551,58717,63166,6.5259,297.97,1e-06,0.36193,0.0,30,0.75194,0.19434,0.19285,0,0,0,Batch_1,0,1129,6.510410969482533
62,12.6,42,100,30,0.0,49.612,144.79,0.0001,0,0.7,0,0.013954,13.538,0.00096484,58728,63183,6.5442,297.9,1e-06,0.36878,0.0,30,0.6053,0.19632,0.1965,0,0,0,Batch_1,0,1129,6.508274532162757
63,12.8,42,100,30,0.0,32.44,43.436,171.31,0,0.7,0,0.013902,13.51,0.00096422,58735,63198,6.5424,298.57,181.73,0.37509,0.0,30,0.57759,0.19668,0.19987,0,0,0,Batch_1,0,1129,6.506224231788883
64,13.0,42,100,30,0.0,16.067,271.75,17.131,0,0.7,0,0.013506,13.478,0.00096365,58738,63208,6.5188,298.34,118.4,0.38133,0.0,30,0.58194,0.19661,0.20319,0,0,0,Batch_1,0,1129,6.5034137633157485
65,13.2,42,100,30,0.0,9.1289,207.61,1.7131,0,0.7,0,0.013119,13.456,0.00096311,58741,63218,6.4876,298.17,73.522,0.38754,0.0,30,0.58845,0.19651,0.20651,0,0,0,Batch_1,0,1129,6.50189081382955
66,13.4,42,100,30,0.0,14.632,164.98,0.17131,0,0.7,0,0.012755,13.435,0.00096254,58744,63229,6.4656,298.07,45.835,0.39373,0.0,30,0.59483,0.19641,0.20981,0,0,0,Batch_1,0,1129,6.49956967652131
67,13.6,42,100,30,0.0,28.896,137.52,0.017131,0,0.7,0,0.012597,13.412,0.00096194,58751,63242,6.4611,298.0,26.587,0.39991,0.0,30,0.59939,0.19633,0.21311,0,0,0,Batch_1,0,1129,6.497899578641709
68,13.8,42,100,30,0.0,44.921,116.5,0.0017131,0,0.7,0,0.012335,13.391,0.00096128,58760,63259,6.4736,297.95,13.159,0.4061,0.0,30,0.60479,0.19625,0.21641,0,0,0,Batch_1,0,1129,6.496817713025124
69,14.0,42,100,30,0.0,55.961,99.992,0.00017131,0,0.7,0,0.012014,13.394,0.00096059,58772,63278,6.4955,297.93,8.0127,0.41227,0.0,30,0.60088,0.19629,0.2197,0,0,0,Batch_1,0,1129,6.498541122852557
70,14.2,42,100,30,0.0,58.23,29.998,106.74,0,0.7,0,0.011821,13.384,0.00095989,58785,63297,6.5191,298.4,133.85,0.41838,0.0,30,0.60076,0.19628,0.22296,0,0,0,Batch_1,0,1129,6.501417686583281
71,14.4,42,100,30,0.0,51.089,187.67,10.674,0,0.7,0,0.011639,13.364,0.00095921,58795,63315,6.5331,298.25,94.369,0.42446,0.0,30,0.60238,0.19625,0.2262,0,0,0,Batch_1,0,1129,6.50196990750647
72,14.6,42,100,30,0.0,38.386,148.87,1.0674,0,0.7,0,0.011474,13.33,0.00095857,58804,63331,6.5335,298.15,67.533,0.43054,0.0,30,0.6124,0.1961,0.22945,0,0,0,Batch_1,0,1129,6.502317655104805
73,14.8,42,100,30,0.0,25.554,125.26,0.10674,0,0.7,0,0.01132,13.3,0.00095798,58809,63344,6.5197,298.1,52.291,0.43661,0.0,30,0.62085,0.19597,0.23268,0,0,0,Batch_1,0,1129,6.502916474983992
74,15.0,42,100,30,0.0,18.234,112.34,0.010674,0,0.7,0,0.011133,13.285,0.00095742,58814,63355,6.4993,298.06,41.714,0.44268,0.0,30,0.61958,0.19598,0.23592,0,0,0,Batch_1,0,1129,6.50178134097641
75,15.2,42,100,30,0.0,19.05,102.93,0.0010674,0,0.7,0,0.011068,13.262,0.00095685,58818,63367,6.4821,298.04,36.223,0.44874,0.0,30,0.62284,0.19592,0.23916,0,0,0,Batch_1,0,1129,6.498332067846024
76,15.4,42,100,30,0.0,26.733,98.386,0.00010674,0,0.7,0,0.01065,13.264,0.00095625,58824,63380,6.4761,298.02,31.969,0.45479,0.0,30,0.61698,0.19599,0.24239,0,0,0,Batch_1,0,1129,6.4965766427640474
77,15.6,42,100,30,0.0,36.776,94.518,0.0001,0,0.7,0,0.010541,13.237,0.00095563,58832,63395,6.4847,298.01,28.432,0.46085,0.0,30,0.62034,0.19593,0.24562,0,0,0,Batch_1,0,1129,6.495580122772056
78,15.8,42,100,30,0.0,43.376,90.942,0.0001,0,0.7,0,0.010326,13.239,0.00095499,58841,63411,6.5022,298.0,27.183,0.46689,0.0,30,0.61351,0.19601,0.24884,0,0,0,Batch_1,0,1129,6.493807523791495
79,16.0,42,100,30,0.0,42.986,89.764,0.0001,0,0.7,0,0.0099612,13.238,0.00095435,58851,63428,6.5185,297.99,24.255,0.47289,0.0,30,0.60975,0.19605,0.25205,0,0,0,Batch_1,0,1129,6.492679298013331
80,16.2,42,100,75,0.0,36.105,86.218,0.0001,0,0.7,0,0.032322,12.221,0.00095358,58867,63455,6.507,298.07,44.964,0.48019,0.0,35,0.88051,0.19235,0.25594,0,0,0,Batch_1,0,1129,6.490831617590192
81,16.4,42,100,75,0.0,33.93,112.32,0.0001,0,0.7,0,0.031608,12.149,0.00095282,58884,63482,6.488,298.13,60.575,0.48895,0.0,35,0.97308,0.19107,0.26062,0,0,0,Batch_1,0,1129,6.489284599302779
82,16.6,42,100,75,0.0,39.258,134.15,0.0001,0,0.7,0,0.028842,12.134,0.00095204,58901,63510,6.4785,298.15,67.134,0.49798,0.0,35,0.99052,0.19081,0.26543,0,0,0,Batch_1,0,1129,6.487736231322088
83,16.8,42,100,75,0.0,48.333,146.78,0.0001,0,0.7,0,0.027508,12.074,0.00095123,58921,63540,6.479,298.16,69.649,0.50705,0.0,35,1.0091,0.19054,0.27028,0,0,0,Batch_1,0,1129,6.488791576798634
84,17.0,42,100,75,0.0,57.203,155.44,0.0001,0,0.7,0,0.025651,12.057,0.00095039,58942,63571,6.4866,298.16,70.81,0.51615,0.0,35,1.0144,0.19045,0.27513,0,0,0,Batch_1,0,1129,6.49248928821769
85,17.2,42,100,75,0.0,63.043,162.84,0.0001,0,0.7,0,0.0242,12.025,0.00094954,58964,63604,6.4974,298.15,65.783,0.52526,0.0,35,1.0178,0.19039,0.28,0,0,0,Batch_1,0,1129,6.497390679806892
86,17.4,42,100,75,0.0,64.596,162.59,0.0001,0,0.7,0,0.022999,11.99,0.00094868,58986,63636,6.5072,298.13,60.996,0.53438,0.0,35,1.0263,0.19025,0.28487,0,0,0,Batch_1,0,1129,6.503014966385743
87,17.6,42,100,75,0.0,62.245,162.13,0.0001,0,0.7,0,0.022262,11.932,0.00094784,59008,63669,6.5135,298.11,56.356,0.54352,0.0,35,1.0437,0.19,0.28975,0,0,0,Batch_1,0,1129,6.507201227376045
88,17.8,42,100,75,0.0,57.377,161.2,0.0001,0,0.7,0,0.021035,11.901,0.000947,59029,63700,6.5164,298.1,52.336,0.55267,0.0,35,1.0561,0.18981,0.29463,0,0,0,Batch_1,0,1129,6.508882624932761
89,18.0,42,100,75,0.0,51.333,160.4,0.0001,0,0.7,0,0.020201,11.87,0.0009462,59049,63731,6.5156,298.09,51.179,0.56179,0.0,35,1.0627,0.1897,0.2995,0,0,0,Batch_1,0,1129,6.508208459391037
90,18.2,42,100,75,0.0,45.631,162.67,0.0001,0,0.7,0,0.019788,11.818,0.0009454,59068,63760,6.5092,298.08,48.49,0.57093,0.0,35,1.0725,0.18955,0.30438,0,0,0,Batch_1,0,1129,6.505407662827575
91,18.4,42,100,75,0.0,42.505,162.75,0.0001,0,0.7,0,0.018783,11.795,0.00094462,59086,63788,6.4998,298.08,46.703,0.58008,0.0,35,1.0782,0.18945,0.30927,0,0,0,Batch_1,0,1129,6.501448837898123
92,18.6,42,100,75,0.0,43.102,163.65,0.0001,0,0.7,0,0.018253,11.761,0.00094384,59104,63817,6.4919,298.07,46.18,0.58925,0.0,35,1.0791,0.18942,0.31416,0,0,0,Batch_1,0,1129,6.497891055667677
93,18.8,42,100,75,0.0,46.877,165.88,0.0001,0,0.7,0,0.01689,11.773,0.00094305,59123,63846,6.4885,298.04,38.277,0.59838,0.0,35,1.0725,0.1895,0.31904,0,0,0,Batch_1,0,1129,6.49572710224354
94,19.0,42,100,75,0.0,51.989,158.68,0.0001,0,0.7,0,0.016194,11.75,0.00094224,59143,63876,6.4897,298.02,30.316,0.60745,0.0,35,1.0751,0.18945,0.32388,0,0,0,Batch_1,0,1129,6.4952855709836665
95,19.2,42,100,75,0.0,56.609,150.54,0.0001,0,0.7,0,0.015549,11.704,0.00094142,59164,63907,6.4951,298.0,25.125,0.61652,0.0,35,1.086,0.18928,0.32872,0,0,0,Batch_1,0,1129,6.496885890344525
96,19.4,42,100,75,0.0,59.09,144.8,0.0001,0,0.7,0,0.015077,11.689,0.00094059,59186,63939,6.5005,297.98,20.314,0.62561,0.0,35,1.0818,0.18932,0.33358,0,0,0,Batch_1,0,1129,6.4992807941712245
97,19.6,42,100,75,0.0,59.411,138.75,0.0001,0,0.7,0,0.014782,11.643,0.00093977,59207,63971,6.5067,297.97,18.721,0.63472,0.0,35,1.0886,0.18921,0.33844,0,0,0,Batch_1,0,1129,6.497535039892086
98,19.8,42,100,75,0.0,57.243,136.09,0.0001,0,0.7,0,0.014799,11.569,0.00093895,59228,64002,6.5105,297.98,20.589,0.64391,0.0,35,1.106,0.18895,0.34335,0,0,0,Batch_1,0,1129,6.4934453314638025
99,20.0,42,100,75,0.0,53.583,137.49,0.0001,0,0.7,0,0.014009,11.561,0.00093814,59249,64033,6.512,297.99,22.669,0.65311,0.0,35,1.1091,0.18889,0.34827,0,0,0,Batch_1,0,1129,6.48852632779503
100,20.2,55,100,150,0.0,49.305,139.32,0.0001,0,0.7,0,0.040175,10.832,0.00093711,59283,64082,6.4901,298.09,49.679,0.52435,0.0,35,1.3617,0.19009,0.36603,0,0,0,Batch_1,0,1129,6.482853169074976
101,20.4,55,100,150,0.0,53.842,172.8,0.0001,0,0.7,0,0.03929,10.71,0.00093607,59318,64131,6.4707,298.15,66.979,0.52569,0.0,35,1.414,0.18954,0.36697,0,0,0,Batch_1,0,1129,6.4755731302542205
102,20.6,55,100,150,0.0,66.062,197.05,0.0001,0,0.7,0,0.035933,10.637,0.00093498,59356,64183,6.4605,298.19,78.984,0.53502,0.0,35,1.4435,0.18921,0.37348,0,0,0,Batch_1,0,1129,6.468077989762211
103,20.8,55,100,150,0.0,82.37,217.27,0.0001,0,0.7,0,0.032406,10.598,0.00093384,59397,64239,6.4575,298.19,77.696,0.54488,0.0,35,1.4553,0.18907,0.38038,0,0,0,Batch_1,0,1129,6.462930627919593
104,21.0,55,100,150,0.0,99.876,222.57,0.0001,0,0.7,0,0.032412,10.503,0.00093265,59442,64298,6.4567,298.18,74.755,0.55486,0.0,35,1.475,0.18884,0.38735,0,0,0,Batch_1,0,1129,6.459480971431036
105,21.2,55,100,150,0.0,117.69,225.98,0.0001,0,0.7,0,0.031898,10.423,0.00093141,59490,64360,6.4566,298.18,75.444,0.56499,0.0,35,1.496,0.1886,0.39444,0,0,0,Batch_1,0,1129,6.45782853549978
106,21.4,55,100,150,0.0,135.58,233.59,0.0001,0,0.7,0,0.029761,10.382,0.00093011,59541,64426,6.4573,298.15,67.723,0.57522,0.0,35,1.5124,0.18841,0.40159,0,0,0,Batch_1,0,1129,6.457570806150966
107,21.6,55,100,150,0.0,153.19,230.66,0.0001,0,0.7,0,0.029329,10.308,0.00092876,59597,64496,6.4581,298.12,58.604,0.58552,0.0,35,1.5312,0.18819,0.40879,0,0,0,Batch_1,0,1129,6.457816177447353
108,21.8,55,100,150,0.0,170.48,225.16,0.0001,0,0.7,0,0.02862,10.22,0.00092736,59655,64570,6.4584,298.11,55.803,0.59596,0.0,35,1.5577,0.18789,0.41609,0,0,0,Batch_1,0,1129,6.458246362459407
109,22.0,55,100,150,0.0,187.64,226.38,0.0001,0,0.7,0,0.027699,10.158,0.00092591,59717,64647,6.4585,298.08,47.628,0.60654,0.0,35,1.5668,0.18778,0.42349,0,0,0,Batch_1,0,1129,6.458757741241936
110,22.2,55,100,150,0.0,204.76,220.34,0.0001,0,0.7,0,0.026234,10.121,0.00092441,59783,64727,6.4587,298.05,38.995,0.61719,0.0,35,1.5773,0.18765,0.43094,0,0,0,Batch_1,0,1129,6.459261474672989
111,22.4,55,100,150,0.0,221.81,212.77,0.0001,0,0.7,0,0.024026,10.143,0.00092287,59852,64811,6.46,298.03,33.563,0.62782,0.0,35,1.5656,0.18775,0.43838,0,0,0,Batch_1,0,1129,6.459704628815415
112,22.6,55,100,150,0.0,225.0,208.05,0.0001,0,0.7,0,0.023738,10.058,0.00092132,59921,64895,6.4606,298.03,32.87,0.63848,0.0,35,1.5837,0.18754,0.44583,0,0,0,Batch_1,0,1129,6.46007698069216
113,22.8,55,100,150,0.0,225.0,208.4,0.0001,0,0.7,0,0.022694,10.007,0.00091977,59991,64979,6.4609,298.04,35.816,0.64921,0.0,35,1.5963,0.18739,0.45334,0,0,0,Batch_1,0,1129,6.460412472898042
114,23.0,55,100,150,0.0,225.0,213.06,0.0001,0,0.7,0,0.022348,9.9447,0.00091823,60060,65064,6.4609,298.05,39.692,0.66,0.0,35,1.6054,0.18727,0.46089,0,0,0,Batch_1,0,1129,6.460705488587209
115,23.2,55,100,150,0.0,225.0,219.16,0.0001,0,0.7,0,0.021954,9.8749,0.00091668,60130,65149,6.4602,298.07,45.229,0.6709,0.0,35,1.6124,0.18717,0.46851,0,0,0,Batch_1,0,1129,6.46091897536596
116,23.4,55,100,150,0.0,225.0,227.82,0.0001,0,0.7,0,0.02004,9.887,0.00091515,60199,65233,6.4609,298.07,46.332,0.68179,0.0,35,1.6118,0.18716,0.47613,0,0,0,Batch_1,0,1129,6.462993033197506
117,23.6,55,100,150,0.0,225.0,231.68,0.0001,0,0.7,0,0.018598,9.889,0.00091362,60269,65317,6.4625,298.06,42.692,0.69259,0.0,35,1.6063,0.1872,0.48368,0,0,0,Batch_1,0,1129,6.475967855737705
118,23.8,55,100,150,0.0,225.0,229.95,0.0001,0,0.7,0,0.01769,9.8526,0.00091209,60338,65401,6.4643,298.05,38.1,0.70333,0.0,35,1.6179,0.18706,0.4912,0,0,0,Batch_1,0,1129,6.490917046145137
119,24.0,55,100,150,0.0,225.0,226.68,0.0001,0,0.7,0,0.017054,9.8146,0.00091056,60408,65486,6.4661,298.03,34.356,0.71406,0.0,35,1.6293,0.18692,0.49871,0,0,0,Batch_1,0,1129,6.504982980113611
120,24.2,55,100,30,0.0,225.0,223.87,0.0001,0,0.7,0,0.0031571,12.451,0.015465,60453,65539,6.5061,297.78,1e-06,0.72098,0.0,35,0.82523,0.19529,0.50355,0,0,0,Batch_1,0,1129,6.520615383882651
121,24.4,55,100,30,0.0,222.96,67.162,339.37,0,0.7,0,0.0031577,12.443,0.032763,60498,65592,6.5442,298.9,312.71,0.72538,0.0,35,0.72351,0.19633,0.50663,0,0,0,Batch_1,0,1129,6.540987707733026
122,24.6,55,100,30,0.0,205.79,445.62,33.937,0,0.7,0,0.0031633,12.398,0.049979,60540,65641,6.5779,298.35,158.78,0.72963,0.0,35,0.72841,0.19627,0.5096,0,0,0,Batch_1,0,1129,6.538736537538604
123,24.8,55,100,30,0.51743,102.9,281.61,3.3937,0,0.7,0,0.0031719,12.267,0.067269,60561,65671,6.6036,298.01,64.416,0.73387,0.0,35,0.76764,0.19585,0.51257,0,0,0,Batch_1,0,1129,6.53999609421539
124,25.0,55,100,30,1.0356,51.448,182.83,0.33937,0,0.7,0,0.0031463,12.179,0.08488,60572,65690,6.6095,297.86,21.781,0.7381,0.0,35,0.80397,0.19547,0.51553,0,0,0,Batch_1,0,1129,6.542622330728607
125,25.2,55,100,30,1.556,25.724,54.848,172.32,0,0.8,0,0.0031004,12.982,0.10275,60578,65703,6.5856,298.48,195.61,0.74232,0.0,35,0.81174,0.19538,0.51849,0,0,0,Batch_1,0,1129,6.543959999999995
126,25.4,55,100,30,2.0793,12.862,264.23,17.232,0,0.8,0,0.0030286,12.963,0.12142,60581,65715,6.5439,298.26,133.33,0.74652,0.0,35,0.80575,0.19544,0.52142,0,0,0,Batch_1,0,1129,6.5439
127,25.6,55,100,30,0.0,0.0,201.07,1.7232,0,0.8,0,0.0030267,12.911,0.14038,60582,65723,6.491,298.09,85.839,0.75072,0.0,35,0.81502,0.19533,0.52436,0,0,0,Batch_1,0,1129,6.53236000000002
128,25.8,55,100,30,0.0,4.1396,154.07,0.17232,0,0.8,0,0.0029292,12.931,0.16038,60583,65732,6.4502,297.99,57.453,0.75487,0.0,35,0.79985,0.19548,0.52727,0,0,0,Batch_1,0,1129,6.520839732738617
129,26.0,55,100,30,0.0,24.529,123.79,0.017232,0,0.8,0,0.002941,12.912,0.18051,60588,65746,6.4389,297.94,43.141,0.75902,0.0,35,0.80387,0.19543,0.53017,0,0,0,Batch_1,0,1129,6.509348384781579
130,26.2,55,100,30,0.0,49.411,37.137,126.56,0,0.8,0,0.0029548,12.926,0.20077,60599,65764,6.4564,298.43,181.47,0.76317,0.0,35,0.79236,0.19554,0.53308,0,0,0,Batch_1,0,1129,6.49784416987738
131,26.4,55,100,30,0.0,67.284,204.9,12.656,0,0.8,0,0.0029163,12.927,0.22149,60613,65786,6.4862,298.3,144.79,0.76729,0.0,35,0.7945,0.19551,0.53596,0,0,0,Batch_1,0,1129,6.486200000000021
132,26.6,55,100,30,0.0,73.288,172.27,1.2656,0,0.8,0,0.0029147,12.925,0.24241,60628,65809,6.5161,298.19,113.09,0.77139,0.0,35,0.78745,0.19558,0.53883,0,0,0,Batch_1,0,1129,6.4898069820461
133,26.8,55,100,30,0.0,67.38,145.54,0.12656,0,0.8,0,0.0029121,12.893,0.26351,60641,65831,6.5404,298.11,90.841,0.77547,0.0,35,0.80059,0.19543,0.54168,0,0,0,Batch_1,0,1129,6.493253224532708
134,27.0,55,100,30,0.0,51.757,126.05,0.012656,0,0.8,0,0.0028428,12.896,0.28543,60652,65850,6.5549,298.05,76.28,0.7795,0.0,35,0.78604,0.19557,0.54451,0,0,0,Batch_1,0,1129,6.496724346515718
135,27.2,55,100,30,0.51926,25.878,112.77,0.0012656,0,0.8,0,0.0028138,12.87,0.30762,60658,65863,6.5397,298.02,67.223,0.78349,0.0,35,0.77833,0.19565,0.5473,0,0,0,Batch_1,0,1129,6.50021353796369
136,27.4,55,100,30,0.0,10.631,104.1,0.00012656,0,0.8,0,0.0028371,12.802,0.3298,60661,65874,6.5036,298.01,63.696,0.78752,0.0,35,0.79209,0.1955,0.55012,0,0,0,Batch_1,0,1129,6.503593275223454
137,27.6,55,100,30,0.0,9.7937,100.85,0.0001,0,0.8,0,0.0028394,12.773,0.35212,60663,65884,6.4696,298.0,62.202,0.79157,0.0,35,0.79781,0.19543,0.55296,0,0,0,Batch_1,0,1129,6.501504988231312
138,27.8,55,100,30,0.0,22.477,99.477,0.0001,0,0.8,0,0.0028228,12.771,0.37468,60668,65897,6.4559,298.0,60.854,0.79565,0.0,35,0.78485,0.19555,0.55581,0,0,0,Batch_1,0,1129,6.501636745436684
139,28.0,55,100,30,0.0,40.582,98.028,0.0001,0,0.8,0,0.0028139,12.778,0.39754,60677,65914,6.4651,297.99,59.535,0.79972,0.0,35,0.7771,0.19563,0.55866,0,0,0,Batch_1,0,1129,6.501780676120704
140,28.2,55,100,37,0.0,54.972,96.435,0.0001,0,0.8,0,0.0033614,12.576,0.41529,60690,65935,6.485,298.01,62.678,0.80412,0.0,35,0.82459,0.19513,0.56175,0,0,0,Batch_1,0,1129,6.501339043504177
141,28.4,55,100,37,0.0,61.453,100.13,0.0001,0,0.8,0,0.0034163,12.541,0.43233,60704,65958,6.5076,298.02,66.057,0.80874,0.0,35,0.83956,0.19497,0.56498,0,0,0,Batch_1,0,1129,6.502360510872202
142,28.6,55,100,37,0.0,58.922,104.41,0.0001,0,0.8,0,0.0034402,12.508,0.44924,60717,65980,6.5267,298.03,69.531,0.81341,0.0,35,0.8436,0.19491,0.56825,0,0,0,Batch_1,0,1129,6.504552885816993
143,28.8,55,100,37,0.0,48.79,109.25,0.0001,0,0.8,0,0.0033848,12.493,0.46686,60729,66000,6.5376,298.03,70.512,0.81806,0.0,35,0.84073,0.19493,0.57151,0,0,0,Batch_1,0,1129,6.505218483642662
144,29.0,55,100,37,0.0,34.278,111.5,0.0001,0,0.8,0,0.0033433,12.463,0.48508,60738,66017,6.5334,298.03,70.181,0.82268,0.0,35,0.84503,0.19488,0.57474,0,0,0,Batch_1,0,1129,6.505235772312825
145,29.2,55,100,37,0.0,21.475,112.34,0.0001,0,0.8,0,0.0032459,12.448,0.50446,60744,66032,6.5124,298.03,68.477,0.82724,0.0,35,0.84611,0.19486,0.57793,0,0,0,Batch_1,0,1129,6.50421759367401
146,29.4,55,100,37,0.0,17.098,111.49,0.0001,0,0.8,0,0.0031725,12.406,0.52479,60749,66046,6.4872,298.03,68.045,0.83174,0.0,35,0.86957,0.19461,0.58109,0,0,0,Batch_1,0,1129,6.5022582990700535
147,29.6,55,100,37,0.0,22.769,112.0,0.0001,0,0.8,0,0.0031034,12.41,0.54615,60756,66060,6.47,298.01,64.834,0.83619,0.0,35,0.86707,0.19463,0.5842,0,0,0,Batch_1,0,1129,6.500861780552483
148,29.8,55,100,37,0.0,35.278,109.03,0.0001,0,0.8,0,0.0030989,12.39,0.5677,60764,66078,6.4706,298.02,65.652,0.84062,0.0,35,0.87555,0.19453,0.5873,0,0,0,Batch_1,0,1129,6.499833475160488
149,30.0,55,100,37,0.0,47.493,110.63,0.0001,0,0.8,0,0.0030736,12.383,0.58969,60776,66098,6.4834,298.02,65.194,0.84503,0.0,35,0.88243,0.19445,0.59039,0,0,0,Batch_1,0,1129,6.498896751944259
150,30.2,55,100,37,0.0,54.61,110.67,0.0001,0,0.9,0,0.0030133,13.224,0.61246,60789,66119,6.5019,298.02,67.564,0.84937,0.0,35,0.89123,0.19435,0.59343,0,0,0,Batch_1,0,1129,6.500461809363429
151,30.4,55,100,37,0.0,54.366,114.14,0.0001,0,0.9,0,0.0029768,13.207,0.63558,60801,66140,6.5195,298.03,68.997,0.85368,0.0,35,0.8897,0.19436,0.59645,0,0,0,Batch_1,0,1129,6.50235529637875
152,30.6,55,100,37,0.0,47.07,116.71,0.0001,0,0.9,0,0.0030001,13.162,0.65872,60813,66159,6.529,298.02,67.856,0.858,0.0,35,0.89781,0.19427,0.59947,0,0,0,Batch_1,0,1129,6.502448869671233
153,30.8,55,100,37,0.0,36.029,116.35,0.0001,0,0.9,0,0.0030202,13.116,0.68167,60822,66177,6.5256,298.02,65.525,0.86234,0.0,35,0.90818,0.19415,0.60251,0,0,0,Batch_1,0,1129,6.501757440339656
154,31.0,55,100,37,0.0,26.347,114.45,0.0001,0,0.9,0,0.0030642,13.045,0.70427,60829,66192,6.509,298.02,67.449,0.86673,0.0,35,0.92839,0.19393,0.60558,0,0,0,Batch_1,0,1129,6.500731941431508
155,31.2,55,100,37,0.0,23.312,117.47,0.0001,0,0.9,0,0.0030622,13.008,0.72684,60835,66207,6.4901,298.03,68.261,0.87116,0.0,35,0.93402,0.19387,0.60869,0,0,0,Batch_1,0,1129,6.498597257260104
156,31.4,55,100,37,0.0,27.785,119.27,0.0001,0,0.9,0,0.0030677,12.972,0.74975,60843,66223,6.48,298.03,68.936,0.87561,0.0,35,0.94426,0.19375,0.61181,0,0,0,Batch_1,0,1129,6.497394693475081
157,31.6,55,100,37,0.0,36.295,121.04,0.0001,0,0.9,0,0.0029728,12.98,0.77397,60852,66241,6.4817,298.02,66.808,0.88002,0.0,35,0.94633,0.19372,0.6149,0,0,0,Batch_1,0,1129,6.498074072968144
158,31.8,55,100,37,0.0,44.114,119.49,0.0001,0,0.9,0,0.0029235,12.99,0.79883,60863,66260,6.4932,298.02,65.22,0.88436,0.0,35,0.94153,0.19376,0.61794,0,0,0,Batch_1,0,1129,6.499377185020525
159,32.0,55,100,37,0.0,47.313,118.39,0.0001,0,0.9,0,0.0029235,12.968,0.82367,60874,66280,6.5059,298.01,63.588,0.88868,0.0,35,0.94461,0.19372,0.62096,0,0,0,Batch_1,0,1129,6.501915505234406
160,32.2,55,100,43,0.0,45.487,117.01,0.0001,0,0.9,0,0.0033777,12.755,0.84346,60886,66301,6.5146,298.03,68.663,0.89331,0.0,35,0.99862,0.19316,0.6242,0,0,0,Batch_1,0,1129,6.504297093458211
161,32.4,55,100,43,0.0,40.182,123.59,0.0001,0,0.9,0,0.0034045,12.7,0.86269,60897,66321,6.5151,298.05,73.706,0.89813,0.0,35,1.021,0.19292,0.62758,0,0,0,Batch_1,0,1129,6.504284451041132
162,32.6,55,100,43,0.0,34.7,130.62,0.0001,0,0.9,0,0.0033681,12.666,0.88244,60907,66340,6.5085,298.06,77.308,0.90295,0.0,35,1.0339,0.19277,0.63096,0,0,0,Batch_1,0,1129,6.502668738224548
163,32.8,55,100,43,0.0,31.842,136.57,0.0001,0,0.9,0,0.0033006,12.659,0.90323,60917,66358,6.4977,298.07,81.12,0.90773,0.0,35,1.0346,0.19276,0.63431,0,0,0,Batch_1,0,1129,6.4998206282880355
164,33.0,55,100,43,0.0,33.299,143.28,0.0001,0,0.9,0,0.0032288,12.667,0.92505,60926,66376,6.4903,298.07,79.885,0.91245,0.0,35,1.024,0.19286,0.63761,0,0,0,Batch_1,0,1129,6.4969633840773975
165,33.2,55,100,43,0.0,37.682,144.35,0.0001,0,0.9,0,0.0031096,12.684,0.94832,60937,66396,6.4867,298.06,77.948,0.91708,0.0,35,1.0184,0.19291,0.64086,0,0,0,Batch_1,0,1129,6.4958974072420075
166,33.4,55,100,43,0.0,43.501,144.54,0.0001,0,0.9,0,0.0030686,12.67,0.97227,60949,66416,6.4892,298.05,74.54,0.92166,0.0,35,1.0205,0.19287,0.64406,0,0,0,Batch_1,0,1129,6.496945637197195
167,33.6,55,100,43,0.0,48.315,142.69,0.0001,0,0.9,0,0.003013,12.679,0.99712,60961,66438,6.4973,298.04,72.501,0.92619,0.0,35,1.0102,0.19297,0.64724,0,0,0,Batch_1,0,1129,6.499756098108331
168,33.8,55,100,43,0.0,49.909,142.11,0.0001,0,0.9,0,0.0028992,12.703,1.0234,60974,66459,6.5073,298.03,68.396,0.93065,0.0,35,0.99747,0.1931,0.65036,0,0,0,Batch_1,0,1129,6.50313794049123
169,34.0,55,100,43,0.0,47.486,138.7,0.0001,0,0.9,0,0.0028986,12.686,1.0498,60987,66480,6.5142,298.02,66.784,0.93506,0.0,35,0.99217,0.19314,0.65345,0,0,0,Batch_1,0,1129,6.505573022244462
170,34.2,55,100,43,0.0,42.338,137.84,0.0001,0,0.9,0,0.0028938,12.657,1.0764,60998,66501,6.5153,298.02,66.679,0.93946,0.0,35,0.99606,0.19309,0.65654,0,0,0,Batch_1,0,1129,6.506271062162234
171,34.4,55,100,43,0.0,36.768,138.53,0.0001,0,0.9,0,0.0029079,12.622,1.103,61009,66520,6.5095,298.03,68.864,0.94387,0.0,35,0.99871,0.19306,0.65963,0,0,0,Batch_1,0,1129,6.505148788079231
172,34.6,55,100,43,0.0,33.501,141.95,0.0001,0,0.9,0,0.0029106,12.589,1.1296,61018,66538,6.5021,298.04,71.466,0.9483,0.0,35,1.0042,0.19299,0.66273,0,0,0,Batch_1,0,1129,6.502474879000626
173,34.8,55,100,43,0.0,33.177,146.11,0.0001,0,0.9,0,0.0029069,12.563,1.1566,61028,66557,6.495,298.04,72.258,0.95272,0.0,35,1.0075,0.19295,0.66583,0,0,0,Batch_1,0,1129,6.499485018174376
174,35.0,55,100,43,0.0,35.696,148.4,0.0001,0,0.9,0,0.0028304,12.584,1.1845,61038,66575,6.4909,298.03,69.999,0.95712,0.0,35,0.9883,0.19314,0.66891,0,0,0,Batch_1,0,1129,6.4978330757396545
175,35.2,55,100,43,0.0,39.858,147.13,0.0001,0,0.9,0,0.0027703,12.599,1.2134,61049,66595,6.4918,298.04,72.242,0.96146,0.0,35,0.97004,0.19332,0.67195,0,0,0,Batch_1,0,1129,6.498014739236043
176,35.4,55,100,43,0.0,43.654,151.12,0.0001,0,0.9,0,0.002768,12.59,1.2425,61061,66616,6.4961,298.03,70.032,0.96577,0.0,35,0.96692,0.19334,0.67497,0,0,0,Batch_1,0,1129,6.4997871683717605
177,35.6,55,100,43,0.0,45.716,149.87,0.0001,0,0.9,0,0.0027561,12.564,1.2717,61073,66637,6.5045,298.03,70.291,0.97007,0.0,35,0.97568,0.19324,0.67799,0,0,0,Batch_1,0,1129,6.502224334266152
178,35.8,55,100,43,0.0,44.435,151.45,0.0001,0,0.9,0,0.0027589,12.533,1.3012,61085,66657,6.5108,298.02,65.723,0.97437,0.0,35,0.98141,0.19318,0.681,0,0,0,Batch_1,0,1129,6.504080519122057
179,36.0,55,100,43,0.0,40.635,147.14,0.0001,0,0.9,0,0.002671,12.538,1.3316,61096,66677,6.5124,298.0,62.302,0.97862,0.0,35,0.98151,0.19317,0.68398,0,0,0,Batch_1,0,1129,6.504645607323388
180,36.2,55,100,47,0.0,36.228,143.75,0.0001,0,0.9,0,0.0029207,12.376,1.3596,61107,66697,6.5081,298.0,61.042,0.98302,0.0,35,1.0212,0.19275,0.68706,0,0,0,Batch_1,0,1129,6.503840716072558
181,36.4,55,100,47,0.0,33.526,142.5,0.0001,0,0.9,0,0.0028507,12.384,1.3884,61118,66716,6.5004,298.01,64.143,0.98749,0.0,35,1.0119,0.19284,0.6902,0,0,0,Batch_1,0,1129,6.50193997435808
182,36.6,55,100,47,0.0,33.909,146.31,0.0001,0,0.9,0,0.0028698,12.347,1.4172,61129,66736,6.4952,298.03,68.634,0.99197,0.0,35,1.0167,0.19278,0.69333,0,0,0,Batch_1,0,1129,6.499750879984477
183,36.8,55,100,47,0.0,36.345,152.1,0.0001,0,0.9,0,0.0028259,12.338,1.4467,61140,66756,6.4941,298.03,70.17,0.99644,0.0,35,1.0161,0.19278,0.69646,0,0,0,Batch_1,0,1129,6.498446171577018
184,37.0,55,100,47,0.0,39.225,154.87,0.0001,0,0.9,0,0.0027716,12.342,1.4771,61151,66776,6.4944,298.02,67.74,1.0009,0.0,35,1.0129,0.1928,0.69956,0,0,0,Batch_1,0,1129,6.498633045676767
185,37.2,55,100,47,0.0,41.991,153.11,0.0001,0,0.9,0,0.0027351,12.341,1.5078,61164,66797,6.4986,298.02,67.139,1.0052,0.0,35,1.011,0.19281,0.70262,0,0,0,Batch_1,0,1129,6.500072408933092
186,37.4,55,100,47,0.0,43.055,153.35,0.0001,0,0.9,0,0.0026707,12.337,1.5395,61176,66819,6.503,298.02,67.014,1.0095,0.0,35,1.0144,0.19277,0.70564,0,0,0,Batch_1,0,1129,6.50187672050914
187,37.6,55,100,47,0.0,42.358,154.03,0.0001,0,0.9,0,0.0026251,12.33,1.5719,61188,66840,6.5085,298.01,64.724,1.0138,0.0,35,1.0114,0.19279,0.70863,0,0,0,Batch_1,0,1129,6.503125706766975
188,37.8,55,100,47,0.0,39.48,152.07,0.0001,0,0.9,0,0.0026548,12.27,1.6041,61200,66860,6.5085,298.0,61.4,1.0181,0.0,35,1.0247,0.19264,0.71163,0,0,0,Batch_1,0,1129,6.503421519883118
189,38.0,55,100,47,0.0,36.627,148.62,0.0001,0,0.9,0,0.002637,12.252,1.6367,61211,66880,6.505,297.99,57.659,1.0224,0.0,35,1.0233,0.19265,0.71464,0,0,0,Batch_1,0,1129,6.502855689184055
190,38.2,55,100,47,0.0,35.141,144.25,0.0001,0,0.9,0,0.002633,12.226,1.6694,61222,66900,6.4998,297.99,58.834,1.0267,0.0,35,1.0206,0.19267,0.71766,0,0,0,Batch_1,0,1129,6.501786408738335
191,38.4,55,100,47,0.0,35.76,145.34,0.0001,0,0.9,0,0.00261,12.212,1.7024,61233,66920,6.4962,298.0,61.534,1.031,0.0,35,1.018,0.19269,0.72067,0,0,0,Batch_1,0,1129,6.500681422539659
192,38.6,55,100,47,0.0,37.812,148.31,0.0001,0,0.9,0,0.0025102,12.236,1.7364,61244,66940,6.4973,298.0,61.605,1.0352,0.0,35,1.0109,0.19275,0.72364,0,0,0,Batch_1,0,1129,6.500152053800994
193,38.8,55,100,47,0.0,39.413,148.41,0.0001,0,0.9,0,0.0025018,12.211,1.7704,61256,66961,6.4999,298.0,61.495,1.0394,0.0,35,1.013,0.19272,0.72658,0,0,0,Batch_1,0,1129,6.500431046404996
194,39.0,55,100,47,0.0,39.981,148.37,0.0001,0,0.9,0,0.0025288,12.158,1.8042,61268,66982,6.5018,298.01,63.561,1.0436,0.0,35,1.0252,0.19259,0.72956,0,0,0,Batch_1,0,1129,6.501321891523695
195,39.2,55,100,47,0.0,39.777,150.95,0.0001,0,0.9,0,0.0024867,12.168,1.8383,61280,67002,6.504,298.01,62.383,1.0479,0.0,35,1.0196,0.19264,0.73252,0,0,0,Batch_1,0,1129,6.502292325445174
196,39.4,55,100,47,0.0,38.698,149.83,0.0001,0,0.9,0,0.0024247,12.165,1.8732,61291,67023,6.5046,298.0,61.629,1.052,0.0,35,1.014,0.19269,0.73544,0,0,0,Batch_1,0,1129,6.502804844060507
197,39.6,55,100,47,0.0,37.381,149.15,0.0001,0,0.9,0,0.0024509,12.126,1.9078,61303,67043,6.504,298.01,63.176,1.0562,0.0,35,1.0192,0.19263,0.73837,0,0,0,Batch_1,0,1129,6.502732070059867
198,39.8,55,100,47,0.0,36.286,151.14,0.0001,0,0.9,0,0.0023971,12.135,1.9427,61314,67063,6.5031,298.01,62.631,1.0604,0.0,35,1.0131,0.19268,0.74127,0,0,0,Batch_1,0,1129,6.502155590255421
199,40.0,55,100,47,0.0,35.571,150.74,0.0001,0,0.9,0,0.0024094,12.101,1.9777,61325,67083,6.5004,298.0,59.873,1.0645,0.0,35,1.0141,0.19266,0.74418,0,0,0,Batch_1,0,1129,6.501260780741226
200,40.2,60,100,51,0.0,35.939,147.66,0.0001,0,1.1,0,0.0025648,13.83,2.0113,61338,67105,6.5,297.98,56.205,0.98689,10.0,35,1.0087,0.19374,0.75248,0,0,0,Batch_1,0,1129,6.500382248245605
201,40.4,60,100,51,0.0,36.439,143.17,0.0001,0,1.1,0,0.0025972,13.778,2.0445,61352,67129,6.4988,297.98,54.899,0.98689,10.0,35,1.0089,0.19374,0.75248,0,0,0,Batch_1,0,1129,6.499850612226041
202,40.6,60,100,51,0.0,37.436,141.08,0.0001,0,1.1,0,0.0025306,13.778,2.0785,61366,67152,6.4979,297.97,53.297,0.99066,10.0,35,1.0086,0.19373,0.75536,0,0,0,Batch_1,0,1129,6.499841112619127
203,40.8,60,100,51,0.0,38.802,138.4,0.0001,0,1.1,0,0.0025176,13.752,2.1127,61381,67175,6.4992,297.96,49.317,0.99464,10.0,35,1.0125,0.19369,0.75841,0,0,0,Batch_1,0,1129,6.500329023509671
204,41.0,60,100,51,0.0,39.648,132.65,0.0001,0,1.1,0,0.0025306,13.715,2.1468,61395,67199,6.5008,297.95,47.106,0.99865,10.0,35,1.0244,0.19357,0.76147,0,0,0,Batch_1,0,1129,6.501114365525916
205,41.2,60,100,51,0.0,39.831,128.58,0.0001,0,1.1,0,0.0025273,13.686,2.1814,61410,67223,6.503,297.94,44.13,1.0027,10.0,35,1.0361,0.19345,0.76454,0,0,0,Batch_1,0,1129,6.501870376967549
206,41.4,60,100,51,0.0,39.169,38.574,141.47,0,1.1,0,0.0025225,13.646,2.216,61424,67246,6.5039,298.5,202.78,1.0067,10.0,35,1.052,0.19329,0.7676,0,0,0,Batch_1,0,1129,6.502237203736699
207,41.6,60,100,51,0.0,38.15,227.5,14.147,0,1.1,0,0.0024433,13.654,2.2515,61438,67269,6.5048,298.41,177.84,1.0106,10.0,35,1.0526,0.19328,0.77062,0,0,0,Batch_1,0,1129,6.502054652729434
208,41.8,60,100,51,0.0,36.761,211.89,1.4147,0,1.1,0,0.0023941,13.652,2.2874,61452,67292,6.5025,298.3,145.6,1.0145,10.0,35,1.0533,0.19326,0.7736,0,0,0,Batch_1,0,1129,6.5014815321442825
209,42.0,60,100,51,0.0,36.298,189.05,0.14147,0,1.1,0,0.0023913,13.626,2.3235,61466,67315,6.4994,298.21,121.54,1.0184,10.0,35,1.0596,0.1932,0.77655,0,0,0,Batch_1,0,1129,6.500739703390044
210,42.2,60,100,51,0.0,37.059,172.05,0.014147,0,1.1,0,0.0023977,13.633,2.3599,61480,67338,6.4974,298.17,108.51,1.0222,10.0,35,1.0415,0.19336,0.77951,0,0,0,Batch_1,0,1129,6.500186465626023
211,42.4,60,100,51,0.0,38.606,164.95,0.0014147,0,1.1,0,0.002378,13.642,2.3967,61494,67362,6.499,298.13,98.137,1.0261,10.0,35,1.0239,0.19352,0.78244,0,0,0,Batch_1,0,1129,6.500242921057291
212,42.6,60,100,51,0.0,39.502,159.06,0.00014147,0,1.1,0,0.0023363,13.637,2.4336,61509,67385,6.4989,298.11,93.256,1.0299,10.0,35,1.0222,0.19353,0.78536,0,0,0,Batch_1,0,1129,6.50105632977806
213,42.8,60,100,51,0.0,40.45,158.35,0.0001,0,1.1,0,0.0023001,13.647,2.471,61523,67409,6.5013,298.1,89.42,1.0337,10.0,35,1.0068,0.19366,0.78825,0,0,0,Batch_1,0,1129,6.502151217945124
214,43.0,60,100,51,0.0,40.446,158.12,0.0001,0,1.1,0,0.0022839,13.634,2.5083,61538,67433,6.5059,298.07,80.81,1.0374,10.0,35,1.0096,0.19363,0.79113,0,0,0,Batch_1,0,1129,6.5027936689466745
215,43.2,60,100,51,0.0,38.611,151.62,0.0001,0,1.1,0,0.0022522,13.627,2.5457,61552,67456,6.5078,298.04,71.845,1.0412,10.0,35,1.0085,0.19363,0.79398,0,0,0,Batch_1,0,1129,6.50259920915533
216,43.4,60,100,51,0.0,36.035,143.7,0.0001,0,1.1,0,0.0022924,13.565,2.5829,61566,67479,6.5051,298.03,69.267,1.0449,10.0,35,1.0214,0.1935,0.79686,0,0,0,Batch_1,0,1129,6.501549087100113
217,43.6,60,100,51,0.0,34.541,142.3,0.0001,0,1.1,0,0.0022373,13.57,2.6205,61580,67501,6.5,298.02,66.811,1.0487,10.0,35,1.0171,0.19354,0.79972,0,0,0,Batch_1,0,1129,6.499738640094309
218,43.8,60,100,51,0.0,35.053,140.53,0.0001,0,1.1,0,0.0022217,13.57,2.6583,61593,67524,6.495,298.01,63.664,1.0524,10.0,35,1.0088,0.19361,0.80256,0,0,0,Batch_1,0,1129,6.497644976457078
219,44.0,60,100,51,0.0,37.556,137.62,0.0001,0,1.1,0,0.0022282,13.53,2.6962,61607,67547,6.4927,298.0,60.933,1.0561,10.0,35,1.0224,0.19347,0.80541,0,0,0,Batch_1,0,1129,6.49617080800525
220,44.2,60,100,57,0.0,41.001,134.81,0.0001,0,1.1,0,0.0024383,13.377,2.7327,61623,67573,6.4915,298.02,65.665,1.06,10.0,35,1.053,0.19318,0.8084,0,0,0,Batch_1,0,1129,6.496076383227168
221,44.4,60,100,57,0.0,44.921,140.58,0.0001,0,1.1,0,0.002402,13.389,2.7694,61640,67599,6.4941,298.04,71.726,1.064,10.0,35,1.0425,0.19327,0.81145,0,0,0,Batch_1,0,1129,6.497500417139404
222,44.6,60,100,57,0.0,47.797,148.37,0.0001,0,1.1,0,0.002422,13.363,2.8059,61658,67625,6.4979,298.06,76.701,1.068,10.0,35,1.0446,0.19324,0.8145,0,0,0,Batch_1,0,1129,6.500005624202349
223,44.8,60,100,57,0.0,49.171,155.61,0.0001,0,1.1,0,0.0024112,13.341,2.8426,61675,67652,6.505,298.07,79.895,1.072,10.0,35,1.0534,0.19315,0.81756,0,0,0,Batch_1,0,1129,6.502641557350147
224,45.0,60,100,57,0.0,47.664,161.39,0.0001,0,1.1,0,0.0024229,13.309,2.8793,61692,67679,6.5101,298.06,78.665,1.076,10.0,35,1.0599,0.19308,0.82062,0,0,0,Batch_1,0,1129,6.504398508734958
225,45.2,60,100,57,0.0,44.136,162.33,0.0001,0,1.1,0,0.0024449,13.263,2.9161,61709,67705,6.5104,298.05,74.188,1.08,10.0,35,1.072,0.19296,0.82368,0,0,0,Batch_1,0,1129,6.504669792473971
226,45.4,60,100,57,0.0,40.503,159.35,0.0001,0,1.1,0,0.0023352,13.309,2.9538,61725,67730,6.5081,298.03,69.932,1.0839,10.0,35,1.0588,0.19308,0.82669,0,0,0,Batch_1,0,1129,6.503294433338404
227,45.6,60,100,57,0.0,37.797,156.13,0.0001,0,1.1,0,0.0022982,13.301,2.9917,61740,67755,6.502,298.0,60.898,1.0878,10.0,35,1.052,0.19313,0.82965,0,0,0,Batch_1,0,1129,6.50063592267667
228,45.8,60,100,57,0.0,37.538,146.64,0.0001,0,1.1,0,0.0022602,13.297,3.0301,61756,67779,6.4942,297.98,53.802,1.0916,10.0,35,1.0515,0.19313,0.83258,0,0,0,Batch_1,0,1129,6.497716782708165
229,46.0,60,100,57,0.0,40.366,138.42,0.0001,0,1.1,0,0.0023025,13.227,3.0683,61771,67804,6.4892,297.96,48.514,1.0955,10.0,35,1.0728,0.19292,0.83553,0,0,0,Batch_1,0,1129,6.495631318156161
230,46.2,60,100,57,0.0,45.202,131.39,0.0001,0,1.1,0,0.0023141,13.21,3.1064,61788,67831,6.4896,297.95,45.742,1.0994,10.0,35,1.0769,0.19287,0.83851,0,0,0,Batch_1,0,1129,6.494985241157917
231,46.4,60,100,57,0.0,49.869,39.417,140.04,0,1.1,0,0.0023283,13.208,3.1443,61806,67858,6.4928,298.49,201.01,1.1033,10.0,35,1.0678,0.19295,0.84149,0,0,0,Batch_1,0,1129,6.49604158506615
232,46.6,60,100,57,0.0,53.244,223.0,14.004,0,1.1,0,0.0023173,13.173,3.1825,61824,67885,6.4978,298.41,180.42,1.1072,10.0,35,1.0858,0.19277,0.84447,0,0,0,Batch_1,0,1129,6.498762059295887
233,46.8,60,100,57,0.0,54.649,212.61,1.4004,0,1.1,0,0.0023119,13.143,3.2209,61843,67913,6.5027,298.31,151.44,1.1111,10.0,35,1.0941,0.19269,0.84745,0,0,0,Batch_1,0,1129,6.502331556083694
234,47.0,60,100,57,0.0,54.104,194.1,0.14004,0,1.1,0,0.0022535,13.156,3.26,61861,67941,6.508,298.22,122.88,1.1149,10.0,35,1.0856,0.19276,0.85041,0,0,0,Batch_1,0,1129,6.505259453622258
235,47.2,60,100,57,0.0,51.426,172.56,0.014004,0,1.1,0,0.0022682,13.118,3.299,61879,67968,6.5123,298.14,102.01,1.1188,10.0,35,1.0877,0.19273,0.85336,0,0,0,Batch_1,0,1129,6.506544796091263
236,47.4,60,100,57,0.0,47.014,156.49,0.0014004,0,1.1,0,0.0022624,13.047,3.3383,61896,67995,6.5128,298.1,89.932,1.1227,10.0,35,1.117,0.19245,0.85634,0,0,0,Batch_1,0,1129,6.506004931011467
237,47.6,60,100,57,0.0,42.445,148.01,0.00014004,0,1.1,0,0.0022663,13.008,3.3777,61913,68020,6.5087,298.08,82.449,1.1266,10.0,35,1.125,0.19237,0.85932,0,0,0,Batch_1,0,1129,6.503768849691848
238,47.8,60,100,57,0.0,39.516,143.22,0.0001,0,1.1,0,0.0022336,12.981,3.4176,61928,68045,6.5007,298.06,76.525,1.1304,10.0,35,1.1383,0.19223,0.86229,0,0,0,Batch_1,0,1129,6.500352294621176
239,48.0,60,100,57,0.0,39.766,139.2,0.0001,0,1.1,0,0.0022198,12.947,3.4578,61944,68070,6.4924,298.04,71.878,1.1343,10.0,35,1.1516,0.1921,0.86525,0,0,0,Batch_1,0,1129,6.4969271997044675
240,48.2,60,100,61,0.0,43.348,135.9,0.0001,0,1.1,0,0.0023728,12.821,3.4969,61961,68097,6.4877,298.03,68.907,1.1383,10.0,35,1.1754,0.19186,0.86832,0,0,0,Batch_1,0,1129,6.494714079811708
241,48.4,60,100,61,0.0,48.794,133.95,0.0001,0,1.1,0,0.0024203,12.765,3.5358,61980,68125,6.4875,298.02,65.229,1.1425,10.0,35,1.1974,0.19165,0.87148,0,0,0,Batch_1,0,1129,6.494293968959074
242,48.6,60,100,61,0.0,54.29,130.74,0.0001,0,1.1,0,0.0023584,12.785,3.5755,61999,68154,6.4919,298.0,60.577,1.1466,10.0,35,1.1952,0.19166,0.87461,0,0,0,Batch_1,0,1129,6.495778383028522
243,48.8,60,100,61,0.0,58.039,125.92,0.0001,0,1.1,0,0.0023536,12.766,3.6156,62019,68184,6.4983,298.0,59.299,1.1506,10.0,35,1.2018,0.19159,0.87773,0,0,0,Batch_1,0,1129,6.498988217213422
244,49.0,60,100,61,0.0,59.234,124.53,0.0001,0,1.1,0,0.0023653,12.758,3.6558,62040,68214,6.5048,297.98,55.851,1.1547,10.0,35,1.1903,0.19169,0.88084,0,0,0,Batch_1,0,1129,6.502882855256539
245,49.2,60,100,61,0.0,57.842,120.31,0.0001,0,1.1,0,0.0023181,12.764,3.6963,62060,68244,6.5101,297.98,54.12,1.1587,10.0,35,1.1814,0.19177,0.88394,0,0,0,Batch_1,0,1129,6.5058547549246875
246,49.4,60,100,61,0.0,54.32,117.74,0.0001,0,1.1,0,0.0022457,12.767,3.7379,62079,68273,6.5131,297.98,55.658,1.1627,10.0,35,1.1811,0.19176,0.88698,0,0,0,Batch_1,0,1129,6.507040942442718
247,49.6,60,100,61,0.0,49.59,118.8,0.0001,0,1.1,0,0.0021944,12.768,3.7801,62098,68301,6.5125,297.99,58.576,1.1666,10.0,35,1.1736,0.19183,0.88997,0,0,0,Batch_1,0,1129,6.506313223434276
248,49.8,60,100,61,0.0,45.107,121.6,0.0001,0,1.1,0,0.0021703,12.744,3.8224,62115,68328,6.5072,298.0,61.813,1.1705,10.0,35,1.1775,0.19178,0.89295,0,0,0,Batch_1,0,1129,6.503870519695226
249,50.0,60,100,61,0.0,42.775,125.12,0.0001,0,1.1,0,0.0021815,12.693,3.8647,62132,68355,6.5,298.01,63.629,1.1744,10.0,35,1.1891,0.19167,0.89593,0,0,0,Batch_1,0,1129,6.500415775060507
250,50.2,60,100,61,0.0,43.281,127.36,0.0001,500,1.1,0,0.0021408,13.977,3.9012,62249,68481,6.4923,297.9,31.644,1.1783,10.0,35,0.8933,0.19445,0.89889,0,0,0,Batch_1,0,1129,6.497142350635926
251,50.4,60,100,61,0.0,46.901,38.207,181.69,500,1.1,0,0.0021237,14.015,3.9376,62367,68609,6.489,298.45,193.15,1.1821,10.0,35,0.86104,0.19475,0.90182,0,0,0,Batch_1,0,1129,6.49505483294256
252,50.6,60,100,61,0.0,51.807,226.33,18.169,500,1.1,0,0.0021042,14.023,3.9737,62486,68737,6.4893,298.27,140.05,1.1859,10.0,35,0.86847,0.19467,0.90475,0,0,0,Batch_1,0,1129,6.494561598769073
253,50.8,60,100,61,0.0,56.592,176.55,1.8169,500,1.1,0,0.0020609,14.067,4.0097,62606,68866,6.4933,298.1,89.152,1.1897,10.0,35,0.86585,0.19469,0.90766,0,0,0,Batch_1,0,1129,6.4956387626395635
254,51.0,60,100,61,0.0,59.791,128.18,0.18169,500,1.1,0,0.0020917,14.045,4.0456,62726,68996,6.4984,297.97,52.508,1.1935,10.0,35,0.88119,0.19454,0.91058,0,0,0,Batch_1,0,1129,6.497901349697276
255,51.2,60,100,61,0.0,60.929,90.119,0.018169,500,1.1,0,0.0020818,14.069,4.0816,62847,69126,6.5031,297.89,28.421,1.1974,10.0,35,0.87961,0.19454,0.91351,0,0,0,Batch_1,0,1129,6.500422522047118
256,51.4,60,100,61,0.0,60.221,27.036,105.01,500,1.1,0,0.0020587,14.084,4.1175,62967,69256,6.5053,298.21,122.55,1.2012,10.0,35,0.88166,0.19452,0.91643,0,0,0,Batch_1,0,1129,6.502338672906582
257,51.6,60,100,61,0.0,58.611,133.86,10.501,500,1.1,0,0.0020857,14.062,4.1534,63088,69386,6.5063,298.13,97.546,1.205,10.0,35,0.89345,0.1944,0.91936,0,0,0,Batch_1,0,1129,6.5031767502108355
258,51.8,60,100,61,0.0,56.623,110.18,1.0501,500,1.1,0,0.0021026,14.065,4.1889,63207,69515,6.5043,298.04,71.14,1.2089,10.0,35,0.89388,0.19439,0.92232,0,0,0,Batch_1,0,1129,6.502874852464332
259,52.0,60,100,61,0.0,55.438,84.775,0.10501,500,1.1,0,0.00208,14.1,4.2246,63327,69645,6.5031,297.97,51.293,1.2127,10.0,35,0.8809,0.1945,0.92527,0,0,0,Batch_1,0,1129,6.501731046836484
260,52.2,60,100,65,0.0,54.715,63.756,0.010501,500,1.1,0,0.0022408,13.972,4.2597,63447,69775,6.4994,297.94,42.342,1.2167,10.0,35,0.91876,0.19414,0.92834,0,0,0,Batch_1,0,1129,6.500308827417829
261,52.4,60,100,65,0.0,55.465,19.127,67.91,500,1.1,0,0.0022069,13.994,4.2948,63567,69905,6.4969,298.16,107.95,1.2208,10.0,35,0.93633,0.19396,0.93144,0,0,0,Batch_1,0,1129,6.49913521684362
262,52.6,60,100,65,0.0,57.206,93.217,6.791,500,1.1,0,0.0021844,14.02,4.33,63688,70035,6.496,298.11,92.388,1.2248,10.0,35,0.94315,0.19389,0.9345,0,0,0,Batch_1,0,1129,6.498643345572707
263,52.8,60,100,65,0.0,59.313,79.601,0.6791,500,1.1,0,0.0022108,14.008,4.365,63809,70166,6.4972,298.05,75.637,1.2288,10.0,35,0.9509,0.19381,0.93759,0,0,0,Batch_1,0,1129,6.499088013877825
264,53.0,60,100,65,0.0,60.967,64.732,0.06791,500,1.1,0,0.0021807,14.032,4.3998,63930,70297,6.4985,298.01,62.386,1.2328,10.0,35,0.95586,0.19376,0.94067,0,0,0,Batch_1,0,1129,6.500512825895403
265,53.2,60,100,65,0.0,62.085,51.862,0.006791,500,1.1,0,0.0021231,14.091,4.4352,64052,70429,6.5018,297.97,51.159,1.2368,10.0,35,0.94817,0.19382,0.9437,0,0,0,Batch_1,0,1129,6.502622119789161
266,53.4,60,100,65,0.0,61.863,39.6,0.0006791,500,1.1,0,0.0020838,14.133,4.4704,64174,70560,6.5057,297.94,43.126,1.2407,10.0,35,0.94438,0.19385,0.94668,0,0,0,Batch_1,0,1129,6.504918182075139
267,53.6,60,100,65,0.0,60.083,11.88,49.357,500,1.1,0,0.0020567,14.151,4.5057,64295,70691,6.5091,298.1,90.404,1.2445,10.0,35,0.94942,0.19379,0.94963,0,0,0,Batch_1,0,1129,6.506749921633329
268,53.8,60,100,65,0.0,56.983,64.193,4.9357,500,1.1,0,0.0020241,14.172,4.541,64415,70821,6.5106,298.06,77.594,1.2483,10.0,35,0.95598,0.19372,0.95254,0,0,0,Batch_1,0,1129,6.507470034858818
269,54.0,60,100,65,0.0,53.274,52.17,0.49357,500,1.1,0,0.0019805,14.187,4.5765,64535,70950,6.5112,298.01,63.431,1.2521,10.0,35,0.96259,0.19365,0.95543,0,0,0,Batch_1,0,1129,6.50676635063396
270,54.2,60,100,65,0.0,49.318,38.533,0.049357,500,1.1,0,0.0020223,14.156,4.612,64654,71079,6.5088,297.99,55.303,1.2559,10.0,35,0.97326,0.19355,0.95833,0,0,0,Batch_1,0,1129,6.504805471574679
271,54.4,60,100,65,0.0,46.33,30.079,0.0049357,500,1.1,0,0.0019742,14.196,4.6477,64772,71207,6.5023,297.97,49.726,1.2597,10.0,35,0.96794,0.19359,0.96122,0,0,0,Batch_1,0,1129,6.502150323560649
272,54.6,60,100,65,0.0,45.932,23.388,0.00049357,500,1.1,0,0.0019182,14.262,4.6833,64891,71335,6.4957,297.96,46.191,1.2634,10.0,35,0.95207,0.19373,0.96406,0,0,0,Batch_1,0,1129,6.499518123602543
273,54.8,60,100,65,0.0,48.191,18.275,0.0001,500,1.1,0,0.0018412,14.341,4.7184,65009,71463,6.493,297.94,42.629,1.267,10.0,35,0.94205,0.19382,0.96681,0,0,0,Batch_1,0,1129,6.497553099584581
274,55.0,60,100,65,0.0,51.491,5.4824,30.145,500,1.1,0,0.0018825,14.32,4.7535,65129,71592,6.4931,298.04,71.632,1.2706,10.0,35,0.95353,0.1937,0.96957,0,0,0,Batch_1,0,1129,6.496764722268944
275,55.2,60,100,65,0.0,54.754,36.266,3.0145,500,1.1,0,0.001843,14.38,4.7886,65249,71721,6.4955,298.02,64.802,1.2742,10.0,35,0.93842,0.19384,0.97231,0,0,0,Batch_1,0,1129,6.497338261136672
276,55.4,60,100,65,0.0,57.058,29.296,0.30145,500,1.1,0,0.0018489,14.413,4.8234,65369,71851,6.4987,297.99,56.797,1.2777,10.0,35,0.92776,0.19393,0.97503,0,0,0,Batch_1,0,1129,6.498919411385532
277,55.6,60,100,65,0.0,58.086,21.057,0.030145,500,1.1,0,0.0018366,14.445,4.8581,65490,71981,6.5018,297.97,50.992,1.2813,10.0,35,0.91745,0.19402,0.97775,0,0,0,Batch_1,0,1129,6.500639973990752
278,55.8,60,100,65,0.0,57.898,14.359,0.0030145,500,1.1,0,0.0018443,14.44,4.8927,65611,72111,6.5051,297.96,47.624,1.2848,10.0,35,0.92326,0.19396,0.98048,0,0,0,Batch_1,0,1129,6.50168042258254
279,56.0,60,100,65,0.0,56.391,9.6453,0.00030145,500,1.1,0,0.001852,14.443,4.9274,65731,72241,6.5056,297.96,46.018,1.2884,10.0,35,0.92947,0.19389,0.98321,0,0,0,Batch_1,0,1129,6.501656800147304
280,56.2,60,100,72,0.0,54.686,6.4421,0.0001,500,1.1,0,0.0019458,14.366,4.9625,65852,72372,6.5033,297.96,47.454,1.2921,10.0,34,0.9608,0.19359,0.98603,0,0,0,Batch_1,0,1129,6.500589100455417
281,56.4,60,100,72,0.0,53.908,6.4051,0.0001,500,1.1,0,0.0019641,14.331,4.9979,65973,72503,6.4993,297.97,49.821,1.2958,10.0,34,0.98585,0.19335,0.98892,0,0,0,Batch_1,0,1129,6.4988198563284
282,56.6,60,100,72,0.0,54.711,7.5055,0.0001,500,1.1,0,0.0019181,14.392,5.0333,66095,72634,6.4943,297.97,50.669,1.2996,10.0,34,0.97683,0.19343,0.99178,0,0,0,Batch_1,0,1129,6.497073004905018
283,56.8,60,100,72,0.0,57.526,7.1734,0.0001,500,1.1,0,0.0019166,14.411,5.0688,66217,72765,6.4921,297.97,51.337,1.3033,10.0,34,0.97589,0.19343,0.99462,0,0,0,Batch_1,0,1129,6.4961690655434925
284,57.0,60,100,72,0.0,61.208,6.7787,0.0001,500,1.1,0,0.0019215,14.43,5.1046,66339,72898,6.4917,297.97,52.147,1.307,10.0,34,0.97346,0.19344,0.99746,0,0,0,Batch_1,0,1129,6.496556510373054
285,57.2,60,100,72,0.0,65.032,6.6248,0.0001,500,1.1,0,0.0018828,14.504,5.1401,66463,73030,6.4952,297.97,51.99,1.3107,10.0,34,0.94803,0.19368,1.0003,0,0,0,Batch_1,0,1129,6.4982679657172255
286,57.4,60,100,72,0.0,67.455,5.4932,0.0001,500,1.1,0,0.0019195,14.467,5.1754,66587,73164,6.5008,297.98,52.617,1.3144,10.0,34,0.97244,0.19344,1.0031,0,0,0,Batch_1,0,1129,6.500968858788931
287,57.6,60,100,72,0.0,67.664,5.2329,0.0001,500,1.1,0,0.0019047,14.479,5.2105,66710,73298,6.5062,297.98,53.106,1.3181,10.0,34,0.98266,0.19334,1.0059,0,0,0,Batch_1,0,1129,6.503858726354263
288,57.8,60,100,72,0.0,65.713,4.8755,0.0001,500,1.1,0,0.0019001,14.496,5.2459,66834,73431,6.5097,297.98,53.89,1.3218,10.0,34,0.97591,0.19339,1.0088,0,0,0,Batch_1,0,1129,6.506102416399307
289,58.0,60,100,72,0.0,62.364,4.9041,0.0001,500,1.1,0,0.0018267,14.554,5.2815,66957,73563,6.5116,297.98,53.306,1.3254,10.0,34,0.96643,0.19347,1.0116,0,0,0,Batch_1,0,1129,6.5072928579588645
290,58.2,60,100,72,0.0,58.234,3.5133,0.0001,500,1.1,0,0.0017633,14.62,5.3168,67079,73694,6.5095,297.98,52.282,1.329,10.0,34,0.94639,0.19366,1.0143,0,0,0,Batch_1,0,1129,6.507470511227156
291,58.4,60,100,72,0.0,54.984,1.6044,0.0001,500,1.1,0,0.0017159,14.65,5.3521,67200,73825,6.5061,297.97,51.054,1.3324,10.0,34,0.9516,0.1936,1.017,0,0,0,Batch_1,0,1129,6.50677911675516
292,58.6,60,100,72,0.0,53.057,0.0001,0.0001,500,1.1,0,0.0017087,14.687,5.3873,67321,73956,6.5039,297.97,50.249,1.3359,10.0,34,0.93578,0.19374,1.0196,0,0,0,Batch_1,0,1129,6.505424840317054
293,58.8,60,100,72,0.0,52.03,0.0001,0.0001,500,1.1,0,0.0016705,14.719,5.4224,67441,74086,6.5044,297.96,48.783,1.3393,10.0,34,0.93439,0.19375,1.0222,0,0,0,Batch_1,0,1129,6.50372741318804
294,59.0,60,100,72,0.0,50.783,0.0001,0.0001,500,1.1,0,0.0016658,14.734,5.4574,67562,74215,6.5032,297.96,47.08,1.3426,10.0,34,0.93835,0.1937,1.0248,0,0,0,Batch_1,0,1129,6.501995993664262
295,59.2,60,100,72,0.0,50.01,0.0001,0.0001,500,1.1,0,0.0016706,14.737,5.4925,67682,74345,6.5008,297.95,45.743,1.346,10.0,34,0.94013,0.19368,1.0274,0,0,0,Batch_1,0,1129,6.50025422871981
296,59.4,60,100,72,0.0,50.209,0.0001,0.0001,500,1.1,0,0.001642,14.783,5.5274,67802,74475,6.4981,297.95,43.586,1.3494,10.0,34,0.93172,0.19375,1.0299,0,0,0,Batch_1,0,1129,6.498372850187233
297,59.6,60,100,72,0.0,51.484,0.0001,11.391,500,1.1,0,0.0016173,14.814,5.562,67923,74604,6.4965,297.97,51.234,1.3527,10.0,34,0.9316,0.19375,1.0325,0,0,0,Batch_1,0,1129,6.496402887586837
298,59.8,60,100,72,0.0,53.392,6.3868,1.1391,500,1.1,0,0.0016765,14.776,5.5969,68044,74735,6.4938,297.96,48.464,1.356,10.0,34,0.94646,0.1936,1.035,0,0,0,Batch_1,0,1129,6.494756670872206
299,60.0,60,100,72,0.0,56.381,2.1596,0.11391,500,1.1,0,0.0016796,14.785,5.6316,68165,74866,6.4919,297.96,46.119,1.3594,10.0,34,0.95394,0.19352,1.0377,0,0,0,Batch_1,0,1129,6.493906616017137
300,60.2,60,100,76,0.0,60.128,0.0001,0.011391,500,1.1,0,0.0017563,14.738,5.6664,68288,74998,6.4906,297.96,46.01,1.3629,10.0,33,0.97754,0.1933,1.0403,0,0,0,Batch_1,0,1129,6.494087715854135
301,60.4,60,100,76,0.0,64.4,0.0001,0.0011391,500,1.1,0,0.0018084,14.72,5.7011,68412,75132,6.492,297.96,46.927,1.3665,10.0,33,0.98602,0.19321,1.0431,0,0,0,Batch_1,0,1129,6.495290519260977
302,60.6,60,100,76,0.0,68.103,0.0001,0.00011391,500,1.1,0,0.0018097,14.754,5.7358,68537,75266,6.4959,297.96,47.798,1.3702,10.0,33,0.97265,0.19333,1.0459,0,0,0,Batch_1,0,1129,6.497448957551166
303,60.8,60,100,76,0.0,70.251,0.0001,0.0001,500,1.1,0,0.0018026,14.785,5.7705,68662,75401,6.501,297.96,48.09,1.3738,10.0,33,0.96965,0.19335,1.0487,0,0,0,Batch_1,0,1129,6.500128256152327
304,61.0,60,100,76,0.0,70.364,0.0001,0.0001,500,1.1,0,0.0018501,14.763,5.8052,68787,75536,6.504,297.97,49.356,1.3775,10.0,33,0.9791,0.19325,1.0515,0,0,0,Batch_1,0,1129,6.502491543841173
305,61.2,60,100,76,0.0,69.295,0.0001,0.0001,500,1.1,0,0.0018052,14.807,5.8396,68912,75670,6.5086,297.97,49.748,1.3812,10.0,33,0.97507,0.19328,1.0543,0,0,0,Batch_1,0,1129,6.5038580014063525
306,61.4,60,100,76,0.0,66.36,0.0001,0.0001,500,1.1,0,0.0018327,14.779,5.8742,69036,75804,6.509,297.97,51.004,1.3848,10.0,33,0.99198,0.19312,1.0571,0,0,0,Batch_1,0,1129,6.503979279344976
307,61.6,60,100,76,0.0,63.31,0.1006,0.0001,500,1.1,0,0.0018288,14.781,5.9086,69160,75937,6.5046,297.98,52.462,1.3885,10.0,33,1.0006,0.19303,1.0599,0,0,0,Batch_1,0,1129,6.502968673284018
308,61.8,60,100,76,0.0,62.004,0.53843,0.0001,500,1.1,0,0.0018505,14.765,5.9428,69283,76071,6.5011,297.98,54.434,1.3923,10.0,33,1.0128,0.19291,1.0628,0,0,0,Batch_1,0,1129,6.501088877481588
309,62.0,60,100,76,0.0,62.066,1.6834,0.0001,500,1.1,0,0.0018962,14.728,5.9772,69406,76204,6.4965,297.99,57.36,1.3961,10.0,33,1.0294,0.19274,1.0657,0,0,0,Batch_1,0,1129,6.498805538085119
310,62.2,60,100,76,0.0,63.984,4.0521,0.0001,500,1.1,0,0.0018682,14.762,6.0116,69530,76338,6.4952,297.99,58.625,1.3999,10.0,33,1.0324,0.19271,1.0686,0,0,0,Batch_1,0,1129,6.496867508865947
311,62.4,60,100,76,0.0,66.43,4.9727,0.0001,500,1.1,0,0.0019114,14.724,6.0461,69654,76472,6.4937,298.0,60.571,1.4037,10.0,33,1.0569,0.19247,1.0716,0,0,0,Batch_1,0,1129,6.4958544173764805
312,62.6,60,100,76,0.0,69.483,6.794,0.0001,500,1.1,0,0.0018694,14.757,6.0806,69779,76607,6.4937,298.0,60.873,1.4076,10.0,33,1.0652,0.19238,1.0745,0,0,0,Batch_1,0,1129,6.495958827018865
313,62.8,60,100,76,0.0,72.511,7.086,0.0001,500,1.1,0,0.0018584,14.781,6.1147,69904,76742,6.4949,298.0,60.882,1.4114,10.0,33,1.0662,0.19237,1.0775,0,0,0,Batch_1,0,1129,6.497104056798958
314,63.0,60,100,76,0.0,75.081,7.1416,0.0001,500,1.1,0,0.0018731,14.78,6.1489,70030,76878,6.4976,298.0,61.193,1.4153,10.0,33,1.0726,0.1923,1.0804,0,0,0,Batch_1,0,1129,6.499022624291104
315,63.2,60,100,76,0.0,76.572,7.5224,0.0001,500,1.1,0,0.001891,14.764,6.183,70156,77014,6.5018,298.0,61.597,1.4191,10.0,33,1.0919,0.19211,1.0834,0,0,0,Batch_1,0,1129,6.501409449591325
316,63.4,60,100,76,0.0,76.38,8.0287,0.0001,500,1.1,0,0.0018348,14.804,6.217,70282,77150,6.5048,298.0,60.512,1.423,10.0,33,1.0992,0.19203,1.0864,0,0,0,Batch_1,0,1129,6.503820903714112
317,63.6,60,100,76,0.0,74.967,7.0198,0.0001,500,1.1,0,0.0017949,14.862,6.2507,70408,77286,6.5076,297.99,58.738,1.4268,10.0,33,1.0862,0.19215,1.0892,0,0,0,Batch_1,0,1129,6.505717762451282
318,63.8,60,100,76,0.0,72.462,5.2048,0.0001,500,1.1,0,0.0017865,14.89,6.2846,70533,77421,6.5096,297.99,57.468,1.4305,10.0,33,1.0777,0.19222,1.0921,0,0,0,Batch_1,0,1129,6.506663880033201
319,64.0,60,100,76,0.0,69.16,3.7322,0.0001,500,1.1,0,0.0017627,14.916,6.3182,70658,77555,6.5094,297.99,56.511,1.4342,10.0,33,1.075,0.19224,1.0949,0,0,0,Batch_1,0,1129,6.506502635012331
320,64.2,60,100,80,0.0,65.937,2.4322,0.0001,500,1.1,0,0.0018724,14.848,6.3521,70783,77690,6.5075,297.99,58.454,1.438,10.0,32,1.101,0.19199,1.0978,0,0,0,Batch_1,0,1129,6.505339626302097
321,64.4,60,100,80,0.0,63.454,4.0314,0.0001,500,1.1,0,0.001857,14.868,6.386,70907,77824,6.5039,298.0,59.79,1.4418,10.0,32,1.1061,0.19193,1.1008,0,0,0,Batch_1,0,1129,6.503367764194354
322,64.6,60,100,80,0.0,62.422,5.1509,0.0001,500,1.1,0,0.0018087,14.899,6.42,71031,77958,6.5001,298.0,59.893,1.4456,10.0,32,1.1108,0.19188,1.1037,0,0,0,Batch_1,0,1129,6.50089711013153
323,64.8,60,100,80,0.0,62.918,5.1564,0.0001,500,1.1,0,0.0017544,14.951,6.4537,71155,78092,6.4978,297.99,58.671,1.4493,10.0,32,1.1058,0.19192,1.1066,0,0,0,Batch_1,0,1129,6.4983556084902
324,65.0,60,100,80,0.0,64.312,3.8318,0.0001,500,1.1,0,0.0017824,14.939,6.4874,71279,78227,6.4949,297.99,58.342,1.4531,10.0,32,1.1202,0.19178,1.1094,0,0,0,Batch_1,0,1129,6.496307106427445
325,65.2,60,100,80,0.0,66.88,3.3238,0.0001,500,1.1,0,0.0018313,14.899,6.5209,71404,78361,6.4934,298.0,59.174,1.4569,10.0,32,1.15,0.19149,1.1123,0,0,0,Batch_1,0,1129,6.4952765301720135
326,65.4,60,100,80,0.0,70.018,3.9539,0.0001,500,1.1,0,0.0018079,14.941,6.5544,71530,78497,6.4916,298.0,58.953,1.4606,10.0,32,1.149,0.19149,1.1152,0,0,0,Batch_1,0,1129,6.495461381684245
327,65.6,60,100,80,0.0,73.903,3.5671,0.0001,500,1.1,0,0.0018166,14.959,6.5874,71656,78633,6.493,297.99,58.696,1.4644,10.0,32,1.1496,0.19148,1.1181,0,0,0,Batch_1,0,1129,6.496785991896994
328,65.8,60,100,80,0.0,77.223,3.144,0.0001,500,1.1,0,0.0017698,15.011,6.6202,71783,78770,6.4978,297.99,57.43,1.4682,10.0,32,1.1426,0.19153,1.121,0,0,0,Batch_1,0,1129,6.499102177719832
329,66.0,60,100,80,0.0,78.623,1.6598,0.0001,500,1.1,0,0.0018092,14.995,6.6532,71910,78907,6.5026,297.99,57.316,1.4719,10.0,32,1.155,0.19141,1.1239,0,0,0,Batch_1,0,1129,6.502119423609429
330,66.2,60,100,80,0.0,78.113,1.236,0.0001,500,1.1,0,0.0018159,14.986,6.686,72037,79045,6.5066,297.99,57.811,1.4758,10.0,32,1.1704,0.19126,1.1268,0,0,0,Batch_1,0,1129,6.5052370777774735
331,66.4,60,100,80,0.0,76.006,1.3963,0.0001,500,1.1,0,0.0017996,15.021,6.7189,72164,79181,6.5103,297.99,57.977,1.4796,10.0,32,1.1634,0.19132,1.1297,0,0,0,Batch_1,0,1129,6.507449769135046
332,66.6,60,100,80,0.0,72.409,1.262,0.0001,500,1.1,0,0.0017544,15.058,6.7516,72290,79317,6.5122,297.99,57.276,1.4833,10.0,32,1.1622,0.19132,1.1326,0,0,0,Batch_1,0,1129,6.50799279901442
333,66.8,60,100,80,0.0,68.074,0.2712,0.0001,500,1.1,0,0.0017486,15.07,6.7843,72415,79452,6.5126,297.99,56.686,1.487,10.0,32,1.1688,0.19125,1.1354,0,0,0,Batch_1,0,1129,6.50665782764956
334,67.0,60,100,80,0.0,63.569,0.0001,0.0001,500,1.1,0,0.0017589,15.063,6.8174,72539,79586,6.5082,297.99,56.64,1.4907,10.0,32,1.1812,0.19113,1.1383,0,0,0,Batch_1,0,1129,6.503626508256933
335,67.2,60,100,80,0.0,60.834,0.0001,0.0001,500,1.1,0,0.0017507,15.076,6.8506,72663,79720,6.5009,297.99,56.643,1.4944,10.0,32,1.1856,0.19108,1.1411,0,0,0,Batch_1,0,1129,6.49969616520547
336,67.4,60,100,80,0.0,61.015,0.0001,0.0001,500,1.1,0,0.0017266,15.107,6.8835,72786,79853,6.4905,297.99,55.925,1.4981,10.0,32,1.1875,0.19105,1.1439,0,0,0,Batch_1,0,1129,6.4961870607243295
337,67.6,60,100,80,0.0,65.355,0.0001,0.0001,500,1.1,0,0.00172,15.131,6.9165,72911,79988,6.4856,297.98,54.98,1.5018,10.0,32,1.1862,0.19106,1.1468,0,0,0,Batch_1,0,1129,6.493912490678314
338,67.8,60,100,80,0.0,71.614,0.0001,0.0001,500,1.1,0,0.0017264,15.157,6.9496,73036,80124,6.486,297.98,53.766,1.5054,10.0,32,1.1841,0.19107,1.1496,0,0,0,Batch_1,0,1129,6.493244152039213
339,68.0,60,100,80,0.0,77.735,0.0001,0.0001,500,1.1,0,0.0017659,15.155,6.9826,73163,80261,6.4917,297.98,53.295,1.5091,10.0,32,1.1884,0.19102,1.1524,0,0,0,Batch_1,0,1129,6.494360243323064
340,68.2,60,100,84,0.0,81.568,0.0001,0.0001,500,1.1,0,0.0018104,15.144,7.0152,73292,80399,6.4977,297.98,53.314,1.5129,10.0,31,1.2095,0.19082,1.1553,0,0,0,Batch_1,0,1129,6.497362331634645
341,68.4,60,100,84,0.0,83.016,0.0001,0.0001,500,1.1,0,0.0018001,15.19,7.0476,73420,80538,6.5029,297.98,52.599,1.5167,10.0,31,1.2014,0.19088,1.1582,0,0,0,Batch_1,0,1129,6.50155775875101
342,68.6,60,100,84,0.0,82.388,0.0001,0.0001,500,1.1,0,0.0018193,15.2,7.0802,73549,80677,6.5062,297.98,52.465,1.5205,10.0,31,1.1984,0.19091,1.1612,0,0,0,Batch_1,0,1129,6.505756501263742
343,68.8,60,100,84,0.0,80.415,0.0001,0.0001,500,1.1,0,0.0018166,15.218,7.1128,73677,80815,6.5101,297.98,52.368,1.5244,10.0,31,1.1983,0.1909,1.1641,0,0,0,Batch_1,0,1129,6.509030617848655
344,69.0,60,100,84,0.0,76.899,0.0001,0.0001,500,1.1,0,0.0017801,15.255,7.1454,73805,80953,6.5148,297.97,51.646,1.5281,10.0,31,1.1935,0.19094,1.167,0,0,0,Batch_1,0,1129,6.510845625825119
345,69.2,60,100,84,0.0,71.515,0.0001,0.0001,500,1.1,0,0.0017787,15.26,7.1784,73931,81089,6.5165,297.97,51.002,1.5319,10.0,31,1.2026,0.19084,1.1699,0,0,0,Batch_1,0,1129,6.510961746709852
346,69.4,60,100,84,0.0,65.46,0.0001,0.0001,500,1.1,0,0.0018115,15.221,7.2114,74056,81225,6.5141,297.97,51.664,1.5357,10.0,31,1.2314,0.19056,1.1728,0,0,0,Batch_1,0,1129,6.509315382520894
347,69.6,60,100,84,0.0,60.338,0.0001,0.0001,500,1.1,0,0.0018474,15.197,7.2447,74180,81359,6.5095,297.98,53.496,1.5395,10.0,31,1.2524,0.19036,1.1757,0,0,0,Batch_1,0,1129,6.505967410559218
348,69.8,60,100,84,0.0,57.08,0.8342,0.0001,500,1.1,0,0.0018267,15.226,7.2778,74304,81493,6.5025,297.98,55.046,1.5434,10.0,31,1.25,0.19037,1.1787,0,0,0,Batch_1,0,1129,6.5014509228377175
349,70.0,60,100,84,0.0,56.614,1.5594,0.0001,500,1.1,0,0.0018483,15.208,7.3112,74427,81627,6.4935,297.99,57.337,1.5473,10.0,31,1.2666,0.19021,1.1817,0,0,0,Batch_1,0,1129,6.496982623993726
350,70.2,60,100,84,0.0,59.733,3.1847,0.0001,500,1.1,0,0.0018646,15.208,7.3446,74551,81761,6.4876,298.0,59.604,1.5512,10.0,31,1.2802,0.19007,1.1847,0,0,0,Batch_1,0,1129,6.4935412156413825
351,70.4,60,100,84,0.0,65.189,5.0121,0.0001,500,1.1,0,0.001868,15.226,7.378,74676,81897,6.4854,298.0,61.496,1.5552,10.0,31,1.2841,0.19003,1.1877,0,0,0,Batch_1,0,1129,6.491559850212312
352,70.6,60,100,84,0.0,71.527,6.711,0.0001,500,1.1,0,0.0018687,15.243,7.4114,74802,82033,6.4885,298.01,62.949,1.5592,10.0,31,1.2879,0.18998,1.1908,0,0,0,Batch_1,0,1129,6.49122432163085
353,70.8,60,100,84,0.0,76.625,8.1859,0.0001,500,1.1,0,0.0018882,15.261,7.4447,74930,82171,6.4914,298.01,63.935,1.5632,10.0,31,1.2886,0.18997,1.1939,0,0,0,Batch_1,0,1129,6.492565958094465
354,71.0,60,100,84,0.0,80.603,9.3651,0.0001,500,1.1,0,0.0018863,15.273,7.4777,75058,82310,6.4954,298.01,64.589,1.5672,10.0,31,1.2973,0.18988,1.197,0,0,0,Batch_1,0,1129,6.49515545513488
355,71.2,60,100,84,0.0,82.973,10.333,0.0001,500,1.1,0,0.0018742,15.324,7.5105,75186,82449,6.4982,298.01,64.437,1.5712,10.0,31,1.2821,0.19002,1.2001,0,0,0,Batch_1,0,1129,6.49823990200567
356,71.4,60,100,84,0.0,84.213,10.59,0.0001,500,1.1,0,0.0018761,15.343,7.5434,75315,82588,6.5018,298.01,64.002,1.5753,10.0,31,1.2837,0.18999,1.2031,0,0,0,Batch_1,0,1129,6.501148576582904
357,71.6,60,100,84,0.0,84.018,10.572,0.0001,500,1.1,0,0.0018973,15.362,7.5762,75444,82728,6.5047,298.01,64.291,1.5793,10.0,31,1.2781,0.19004,1.2062,0,0,0,Batch_1,0,1129,6.503525626003094
358,71.8,60,100,84,0.0,82.676,11.219,0.0001,500,1.1,0,0.0018157,15.439,7.6086,75572,82867,6.508,298.01,62.435,1.5833,10.0,31,1.2597,0.19021,1.2093,0,0,0,Batch_1,0,1129,6.505138501448251
359,72.0,60,100,84,0.0,79.993,9.7984,0.0001,500,1.1,0,0.0017874,15.491,7.6412,75700,83005,6.5079,298.0,60.183,1.5872,10.0,31,1.2414,0.19037,1.2123,0,0,0,Batch_1,0,1129,6.50586978039511
360,72.2,60,100,90,0.0,77.368,7.8448,0.0001,500,1.1,0,0.0019045,15.419,7.6738,75829,83144,6.5078,298.0,61.026,1.5912,10.0,30,1.2802,0.19,1.2154,0,0,0,Batch_1,0,1129,6.5056419782317265
361,72.4,60,100,90,0.0,74.757,8.6629,0.0001,500,1.1,0,0.0019147,15.42,7.7066,75957,83283,6.5056,298.0,62.12,1.5952,10.0,30,1.2974,0.18983,1.2185,0,0,0,Batch_1,0,1129,6.504546057501591
362,72.6,60,100,90,0.0,73.061,9.7448,0.0001,500,1.1,0,0.0019013,15.453,7.7394,76085,83421,6.5034,298.01,62.64,1.5993,10.0,30,1.2948,0.18984,1.2216,0,0,0,Batch_1,0,1129,6.5028793302028705
363,72.8,60,100,90,0.0,72.217,10.381,0.0001,500,1.1,0,0.0018886,15.483,7.772,76212,83560,6.5004,298.01,62.421,1.6034,10.0,30,1.2932,0.18985,1.2247,0,0,0,Batch_1,0,1129,6.50105692060443
364,73.0,60,100,90,0.0,72.569,10.371,0.0001,500,1.1,0,0.0018157,15.565,7.8044,76340,83698,6.4977,298.0,60.2,1.6074,10.0,30,1.2692,0.19007,1.2278,0,0,0,Batch_1,0,1129,6.499501985682044
365,73.2,60,100,90,0.0,74.014,8.4306,0.0001,500,1.1,0,0.0017866,15.599,7.8365,76468,83836,6.4972,297.99,57.655,1.6113,10.0,30,1.2645,0.19011,1.2308,0,0,0,Batch_1,0,1129,6.498549365336294
366,73.4,60,100,90,0.0,75.662,5.9922,0.0001,500,1.1,0,0.001781,15.617,7.8684,76596,83974,6.4957,297.99,55.503,1.6151,10.0,30,1.271,0.19004,1.2337,0,0,0,Batch_1,0,1129,6.498385059932052
367,73.6,60,100,90,0.0,77.901,3.6756,0.0001,500,1.1,0,0.0017822,15.631,7.9003,76724,84114,6.4978,297.98,53.925,1.619,10.0,30,1.2794,0.18995,1.2367,0,0,0,Batch_1,0,1129,6.4989411623149955
368,73.8,60,100,90,0.0,79.301,1.6792,0.0001,500,1.1,0,0.001757,15.667,7.9319,76853,84253,6.4993,297.98,52.173,1.6229,10.0,30,1.2787,0.18995,1.2397,0,0,0,Batch_1,0,1129,6.499939827501422
369,74.0,60,100,90,0.0,80.11,0.0001,0.0001,500,1.1,0,0.0018227,15.643,7.9636,76982,84393,6.5025,297.98,52.587,1.6268,10.0,30,1.2949,0.18979,1.2427,0,0,0,Batch_1,0,1129,6.501031357087925
370,74.2,60,100,90,0.0,79.635,0.0001,0.0001,500,1.1,0,0.0018098,15.664,7.9951,77111,84532,6.5037,297.98,52.738,1.6307,10.0,30,1.3023,0.18971,1.2457,0,0,0,Batch_1,0,1129,6.501995938724551
371,74.4,60,100,90,0.0,78.664,0.0001,0.0001,500,1.1,0,0.0017695,15.716,8.0263,77240,84671,6.5038,297.98,51.961,1.6347,10.0,30,1.2917,0.1898,1.2487,0,0,0,Batch_1,0,1129,6.502751302065665
372,74.6,60,100,90,0.0,77.664,0.0001,0.0001,500,1.1,0,0.0017425,15.752,8.0577,77368,84810,6.5028,297.97,50.74,1.6385,10.0,30,1.2847,0.18986,1.2517,0,0,0,Batch_1,0,1129,6.50336761561725
373,74.8,60,100,90,0.0,77.049,0.0001,0.0001,500,1.1,0,0.0016701,15.816,8.0887,77497,84949,6.5024,297.96,47.758,1.6423,10.0,30,1.2717,0.18998,1.2546,0,0,0,Batch_1,0,1129,6.503851407019276
374,75.0,60,100,90,0.0,76.62,0.0001,0.0001,500,1.1,0,0.0016207,15.872,8.1195,77625,85087,6.5034,297.95,43.382,1.646,10.0,30,1.2592,0.19009,1.2574,0,0,0,Batch_1,0,1129,6.50425710875152
375,75.2,60,100,90,0.0,75.782,0.0001,0.0001,100,1.1,0,0.001551,15.211,8.1584,77673,85146,6.5063,298.02,66.607,1.6496,10.0,30,1.5081,0.18772,1.2602,0,0,0,Batch_1,0,1129,6.504508249132703
376,75.4,60,100,90,0.0,73.788,20.227,0.0001,100,1.1,0,0.0015468,15.189,8.1974,77721,85203,6.5058,298.07,84.559,1.6531,10.0,30,1.5499,0.18732,1.2629,0,0,0,Batch_1,0,1129,6.504164456300685
377,75.6,60,100,90,0.0,71.987,37.28,0.0001,100,1.1,0,0.001528,15.174,8.2364,77768,85261,6.5061,298.1,97.283,1.6566,10.0,30,1.5588,0.18723,1.2656,0,0,0,Batch_1,0,1129,6.502588077825899
378,75.8,60,100,90,0.0,70.073,51.345,0.0001,100,1.1,0,0.0015303,15.146,8.2753,77815,85318,6.5042,298.12,106.37,1.6601,10.0,30,1.569,0.18712,1.2683,0,0,0,Batch_1,0,1129,6.499597942730241
379,76.0,60,100,90,0.0,68.904,63.388,0.0001,100,1.1,0,0.0015411,15.136,8.3145,77862,85375,6.4997,298.14,112.92,1.6636,10.0,30,1.5636,0.18717,1.271,0,0,0,Batch_1,0,1129,6.495615706540543
380,76.2,60,100,116,0.0,69.56,74.04,0.0001,100,1.1,0,0.0019887,14.829,8.3552,77914,85438,6.4884,298.18,126.35,1.6677,10.0,29,1.6752,0.1861,1.2741,0,0,0,Batch_1,0,1129,6.491899297950431
381,76.4,60,100,116,0.0,74.734,91.881,0.0001,100,1.1,0,0.0019986,14.802,8.3958,77967,85502,6.4817,298.2,133.82,1.6721,10.0,29,1.7048,0.18581,1.2775,0,0,0,Batch_1,0,1129,6.489466643137535
382,76.6,60,100,116,0.0,82.548,105.35,0.0001,100,1.1,0,0.0020954,14.722,8.4361,78021,85568,6.4793,298.21,139.26,1.6766,10.0,29,1.735,0.18551,1.281,0,0,0,Batch_1,0,1129,6.4887176506571835
383,76.8,60,100,116,0.0,91.325,117.78,0.0001,100,1.1,0,0.002119,14.701,8.4766,78077,85636,6.4839,298.22,141.22,1.6813,10.0,29,1.7427,0.18543,1.2845,0,0,0,Batch_1,0,1129,6.490015449661397
384,77.0,60,100,116,0.0,98.252,127.54,0.0001,100,1.1,0,0.0020987,14.716,8.5168,78135,85705,6.4913,298.22,140.95,1.686,10.0,29,1.7314,0.18552,1.2881,0,0,0,Batch_1,0,1129,6.493667880707455
385,77.2,60,100,116,0.0,102.25,135.49,0.0001,100,1.1,0,0.0020502,14.718,8.5576,78194,85775,6.4992,298.21,136.12,1.6906,10.0,29,1.7304,0.18553,1.2917,0,0,0,Batch_1,0,1129,6.499357624058487
386,77.4,60,100,116,0.0,103.07,139.18,0.0001,100,1.1,0,0.0021135,14.67,8.5982,78252,85845,6.5072,298.19,130.79,1.6952,10.0,29,1.7429,0.1854,1.2952,0,0,0,Batch_1,0,1129,6.505719573007231
387,77.6,60,100,116,0.0,100.7,142.0,0.0001,100,1.1,0,0.0021824,14.596,8.6386,78310,85915,6.5145,298.19,128.52,1.7,10.0,29,1.769,0.18514,1.2989,0,0,0,Batch_1,0,1129,6.511303513963868
388,77.8,60,100,116,0.0,95.427,147.16,0.0001,100,1.1,0,0.0022233,14.558,8.6789,78367,85984,6.5197,298.17,123.63,1.7048,10.0,29,1.7829,0.185,1.3026,0,0,0,Batch_1,0,1129,6.515248358161118
389,78.0,60,100,116,0.0,88.075,149.59,0.0001,100,1.1,0,0.0021606,14.567,8.7195,78423,86052,6.5223,298.17,121.22,1.7097,10.0,29,1.7761,0.18505,1.3063,0,0,0,Batch_1,0,1129,6.517122502217145
390,78.2,60,100,116,0.0,79.679,153.88,0.0001,100,1.1,0,0.0021261,14.556,8.7605,78477,86117,6.5224,298.15,117.21,1.7144,10.0,29,1.7749,0.18506,1.31,0,0,0,Batch_1,0,1129,6.516821229562569
391,78.4,60,100,116,0.0,71.254,156.39,0.0001,100,1.1,0,0.0020853,14.557,8.8019,78529,86181,6.5186,298.13,107.43,1.7191,10.0,29,1.771,0.18508,1.3136,0,0,0,Batch_1,0,1129,6.514455119988939
392,78.6,60,100,116,0.0,64.365,153.15,0.0001,100,1.1,0,0.0021018,14.523,8.8436,78580,86244,6.5122,298.12,103.18,1.7237,10.0,29,1.7772,0.18502,1.3171,0,0,0,Batch_1,0,1129,6.510356420911376
393,78.8,60,100,116,0.0,60.015,154.18,0.0001,100,1.1,0,0.0021059,14.482,8.8851,78630,86306,6.505,298.12,103.12,1.7284,10.0,29,1.7927,0.18486,1.3207,0,0,0,Batch_1,0,1129,6.505200067665486
394,79.0,60,100,116,0.0,58.535,158.6,0.0001,100,1.1,0,0.0020386,14.506,8.927,78680,86367,6.4982,298.1,96.843,1.733,10.0,29,1.7814,0.18496,1.3242,0,0,0,Batch_1,0,1129,6.499918584833563
395,79.2,60,100,116,0.0,59.772,157.12,0.0001,100,1.1,0,0.0020503,14.457,8.969,78730,86429,6.4918,298.08,89.765,1.7376,10.0,29,1.7977,0.18479,1.3278,0,0,0,Batch_1,0,1129,6.495421825720716
396,79.4,60,100,116,0.0,63.582,154.4,0.0001,100,1.1,0,0.0020297,14.458,9.0112,78780,86491,6.4887,298.05,80.279,1.7422,10.0,29,1.7953,0.18481,1.3313,0,0,0,Batch_1,0,1129,6.492826270914402
397,79.6,60,100,116,0.0,68.624,148.75,0.0001,100,1.1,0,0.0020007,14.476,9.0537,78832,86554,6.4873,298.04,73.281,1.7468,10.0,29,1.778,0.18496,1.3348,0,0,0,Batch_1,0,1129,6.493090210036756
398,79.8,60,100,116,0.0,74.224,144.5,0.0001,100,1.1,0,0.0019663,14.5,9.0962,78885,86619,6.4888,298.02,68.77,1.7513,10.0,29,1.7621,0.18511,1.3383,0,0,0,Batch_1,0,1129,6.495871678822452
399,80.0,60,100,116,0.0,79.227,141.81,0.0001,100,1.1,0,0.0019465,14.499,9.1387,78939,86684,6.4917,298.01,63.186,1.7558,10.0,29,1.7596,0.18512,1.3418,0,0,0,Batch_1,0,1129,6.501012956378613
400,80.2,60,100,90,0.0,83.078,137.62,0.0001,100,1.1,0,0.0012097,15.158,9.1747,78988,86743,6.5085,297.94,36.855,1.7593,10.0,23,1.5313,0.18729,1.3445,0,0,0,Batch_1,0,1129,6.507435770659659
401,80.4,60,100,90,0.0,80.144,41.287,167.43,100,1.1,0,0.0012221,15.135,9.2107,79037,86801,6.5224,298.35,190.13,1.7623,10.0,23,1.4982,0.1876,1.3468,0,0,0,Batch_1,0,1129,6.511177185140609
402,80.6,60,100,90,0.0,71.693,181.4,16.743,100,1.1,0,0.0012399,15.079,9.2477,79084,86857,6.5295,298.27,159.58,1.7653,10.0,23,1.5136,0.18745,1.3491,0,0,0,Batch_1,0,1129,6.512340832239052
403,80.8,60,100,90,0.0,60.421,163.16,1.6743,100,1.1,0,0.0012662,15.015,9.2853,79129,86911,6.5283,298.17,124.45,1.7683,10.0,23,1.5374,0.18722,1.3514,0,0,0,Batch_1,0,1129,6.512068710528165
404,81.0,60,100,90,0.0,49.667,141.33,0.16743,100,1.1,0,0.0012748,14.963,9.3233,79172,86963,6.5197,298.1,97.07,1.7714,10.0,23,1.559,0.18701,1.3538,0,0,0,Batch_1,0,1129,6.509845257284768
405,81.2,60,100,90,0.0,42.35,123.24,0.016743,100,1.1,0,0.0013096,14.898,9.3621,79213,87014,6.5044,298.04,75.929,1.7745,10.0,23,1.5851,0.18675,1.3561,0,0,0,Batch_1,0,1129,6.504092870550551
406,81.4,60,100,90,0.0,41.127,108.02,0.0016743,100,1.1,0,0.001296,14.904,9.4005,79254,87064,6.489,298.0,59.596,1.7776,10.0,23,1.5793,0.1868,1.3585,0,0,0,Batch_1,0,1129,6.4976986188889585
407,81.6,60,100,90,0.0,46.059,95.006,0.00016743,100,1.1,0,0.0012848,14.916,9.4386,79296,87115,6.4798,297.96,46.441,1.7807,10.0,23,1.5714,0.18687,1.3609,0,0,0,Batch_1,0,1129,6.494779012034865
408,81.8,60,100,90,0.0,54.647,83.194,0.0001,100,1.1,0,0.0012714,14.933,9.4762,79340,87168,6.4777,297.94,36.685,1.7838,10.0,23,1.5605,0.18697,1.3633,0,0,0,Batch_1,0,1129,6.493931676744618
409,82.0,60,100,90,0.0,64.066,24.958,94.498,100,1.1,0,0.0012954,14.912,9.5139,79385,87223,6.4845,298.19,132.24,1.7869,10.0,23,1.5626,0.18694,1.3657,0,0,0,Batch_1,0,1129,6.494595956623433
410,82.2,60,100,90,0.0,70.771,110.89,9.4498,100,1.1,0,0.0012614,14.942,9.5514,79432,87280,6.4961,298.16,117.97,1.79,10.0,23,1.5502,0.18705,1.368,0,0,0,Batch_1,0,1129,6.498394712842964
411,82.4,60,100,90,0.0,72.825,103.1,0.94498,100,1.1,0,0.0012312,14.982,9.5885,79479,87336,6.5082,298.1,96.649,1.793,10.0,23,1.5247,0.18729,1.3703,0,0,0,Batch_1,0,1129,6.505597663807054
412,82.6,60,100,90,0.0,70.042,89.609,0.094498,100,1.1,0,0.0012061,14.97,9.6259,79526,87392,6.5185,298.05,79.88,1.7959,10.0,23,1.5289,0.18725,1.3726,0,0,0,Batch_1,0,1129,6.510746016770886
413,82.8,60,100,90,0.0,63.176,78.322,0.0094498,100,1.1,0,0.0011893,14.941,9.6636,79571,87447,6.525,298.02,67.809,1.7988,10.0,23,1.544,0.1871,1.3748,0,0,0,Batch_1,0,1129,6.512533603442888
414,83.0,60,100,90,0.0,53.727,69.596,0.00094498,100,1.1,0,0.0012246,14.862,9.7019,79615,87499,6.5243,298.01,62.017,1.8017,10.0,23,1.5763,0.18678,1.377,0,0,0,Batch_1,0,1129,6.512117396655251
415,83.2,60,100,90,0.0,44.552,65.343,0.0001,100,1.1,0,0.0012137,14.852,9.7403,79657,87550,6.5169,298.0,58.491,1.8046,10.0,23,1.5772,0.18677,1.3793,0,0,0,Batch_1,0,1129,6.509403016176176
416,83.4,60,100,90,0.0,38.351,62.469,0.0001,100,1.1,0,0.001185,14.854,9.7783,79697,87600,6.5045,297.99,56.507,1.8075,10.0,23,1.5747,0.18679,1.3815,0,0,0,Batch_1,0,1129,6.5038047549053495
417,83.6,60,100,90,0.0,37.101,60.615,0.0001,100,1.1,0,0.0011697,14.864,9.8159,79737,87649,6.4918,297.99,54.68,1.8104,10.0,23,1.5654,0.18687,1.3837,0,0,0,Batch_1,0,1129,6.497698799325118
418,83.8,60,100,90,0.0,40.91,58.677,0.0001,100,1.1,0,0.0011286,14.907,9.8527,79778,87699,6.4835,297.98,51.679,1.8131,10.0,23,1.5456,0.18705,1.3858,0,0,0,Batch_1,0,1129,6.494328596636043
419,84.0,60,100,90,0.0,48.021,55.479,0.0001,100,1.1,0,0.0011453,14.883,9.8896,79821,87750,6.4802,297.98,51.143,1.8159,10.0,23,1.548,0.18703,1.3879,0,0,0,Batch_1,0,1129,6.493461706369315
420,84.2,60,100,90,0.0,56.442,54.264,0.0001,100,1.1,0,0.0011257,14.912,9.9259,79865,87803,6.4856,297.97,48.217,1.8186,10.0,23,1.5344,0.18715,1.39,0,0,0,Batch_1,0,1129,6.494740315130806
421,84.4,60,100,90,0.0,62.712,50.76,0.0001,100,1.1,0,0.0011122,14.907,9.9618,79910,87858,6.4953,297.96,45.53,1.8213,10.0,23,1.5399,0.18709,1.3921,0,0,0,Batch_1,0,1129,6.498885063825208
422,84.6,60,100,90,0.0,65.113,47.232,0.0001,100,1.1,0,0.001075,14.943,9.9969,79956,87912,6.5085,297.95,42.139,1.824,10.0,23,1.5231,0.18725,1.3942,0,0,0,Batch_1,0,1129,6.504719764093435
423,84.8,60,100,90,0.0,62.211,42.791,0.0001,100,1.1,0,0.0011128,14.874,10.033,80001,87966,6.519,297.95,41.109,1.8267,10.0,23,1.5457,0.18703,1.3962,0,0,0,Batch_1,0,1129,6.508353972505457
424,85.0,60,100,90,0.0,55.136,40.185,0.0001,100,1.1,0,0.0011099,14.85,10.069,80045,88019,6.5236,297.95,41.193,1.8294,10.0,23,1.5546,0.18694,1.3983,0,0,0,Batch_1,0,1129,6.509302869282078
425,85.2,60,100,90,0.0,46.244,38.448,0.0001,100,1.1,0,0.0011275,14.801,10.105,80087,88070,6.5195,297.96,43.095,1.8321,10.0,23,1.5712,0.18677,1.4004,0,0,0,Batch_1,0,1129,6.508275027210496
426,85.4,60,100,90,0.0,39.006,38.356,0.0001,100,1.1,0,0.0011286,14.767,10.141,80127,88120,6.5106,297.96,45.242,1.8349,10.0,23,1.5842,0.18665,1.4025,0,0,0,Batch_1,0,1129,6.504708671242876
427,85.6,60,100,90,0.0,35.306,38.639,0.0001,100,1.1,0,0.001154,14.725,10.178,80167,88169,6.4965,297.97,47.915,1.8377,10.0,23,1.5931,0.18656,1.4047,0,0,0,Batch_1,0,1129,6.498509942242906
428,85.8,60,100,90,0.0,37.254,39.608,0.0001,100,1.1,0,0.0011129,14.757,10.214,80207,88218,6.4838,297.97,48.871,1.8405,10.0,23,1.5818,0.18666,1.4068,0,0,0,Batch_1,0,1129,6.492929542839548
429,86.0,60,100,90,0.0,44.233,39.266,0.0001,100,1.1,0,0.00111,14.762,10.251,80249,88269,6.4771,297.97,50.01,1.8432,10.0,23,1.5749,0.18672,1.4089,0,0,0,Batch_1,0,1129,6.489890164602577
430,86.2,60,100,90,0.0,53.901,39.219,0.0001,100,1.1,0,0.0011115,14.789,10.287,80292,88321,6.4791,297.98,50.606,1.8459,10.0,23,1.5507,0.18694,1.411,0,0,0,Batch_1,0,1129,6.489084012131909
431,86.4,60,100,90,0.0,62.766,38.786,0.0001,100,1.1,0,0.0011106,14.797,10.322,80337,88376,6.485,297.98,50.317,1.8487,10.0,23,1.543,0.18701,1.4131,0,0,0,Batch_1,0,1129,6.490703360293226
432,86.6,60,100,90,0.0,69.271,37.618,0.0001,100,1.1,0,0.0010953,14.795,10.358,80384,88431,6.4941,297.97,49.519,1.8514,10.0,23,1.5487,0.18695,1.4152,0,0,0,Batch_1,0,1129,6.495667402810497
433,86.8,60,100,90,0.0,72.141,35.977,0.0001,100,1.1,0,0.001105,14.784,10.393,80431,88487,6.5043,297.97,49.186,1.8541,10.0,23,1.5481,0.18695,1.4173,0,0,0,Batch_1,0,1129,6.502040691667414
434,87.0,60,100,90,0.0,70.942,34.689,0.0001,100,1.1,0,0.0011037,14.784,10.428,80478,88543,6.5136,297.97,48.448,1.8568,10.0,23,1.5419,0.18701,1.4194,0,0,0,Batch_1,0,1129,6.506292602366405
435,87.2,60,100,90,0.0,66.02,32.992,0.0001,100,1.1,0,0.0010846,14.79,10.463,80524,88598,6.5194,297.97,47.279,1.8595,10.0,23,1.5348,0.18707,1.4215,0,0,0,Batch_1,0,1129,6.508099194296841
436,87.4,60,100,90,0.0,58.793,30.84,0.0001,100,1.1,0,0.0011158,14.726,10.499,80568,88652,6.5182,297.97,48.36,1.8622,10.0,23,1.5541,0.18688,1.4236,0,0,0,Batch_1,0,1129,6.5079418261635835
437,87.6,60,100,90,0.0,52.064,30.621,0.0001,100,1.1,0,0.0011585,14.645,10.536,80611,88704,6.5094,297.98,52.27,1.865,10.0,23,1.5851,0.18658,1.4257,0,0,0,Batch_1,0,1129,6.5057296915259535
438,87.8,60,100,90,0.0,48.863,33.027,0.0001,100,1.1,0,0.0011682,14.619,10.573,80654,88756,6.5,297.99,56.318,1.8679,10.0,23,1.5949,0.18648,1.4279,0,0,0,Batch_1,0,1129,6.501369498434397
439,88.0,60,100,90,0.0,49.398,35.885,0.0001,100,1.1,0,0.0011738,14.595,10.611,80696,88808,6.4928,298.0,59.846,1.8707,10.0,23,1.5998,0.18643,1.4301,0,0,0,Batch_1,0,1129,6.49645414701629
440,88.2,60,100,90,0.0,52.778,38.666,0.0001,100,1.1,0,0.0011557,14.611,10.647,80739,88861,6.4875,298.0,61.406,1.8736,10.0,23,1.5928,0.18649,1.4323,0,0,0,Batch_1,0,1129,6.493254429647973
441,88.4,60,100,90,0.0,58.293,40.023,0.0001,100,1.1,0,0.0012053,14.546,10.685,80784,88914,6.4853,298.01,64.521,1.8765,10.0,23,1.6152,0.18627,1.4345,0,0,0,Batch_1,0,1129,6.49237821354324
442,88.6,60,100,90,0.0,64.675,42.976,0.0001,100,1.1,0,0.0012085,14.54,10.722,80829,88970,6.4877,298.02,65.828,1.8795,10.0,23,1.6219,0.1862,1.4368,0,0,0,Batch_1,0,1129,6.493684093681493
443,88.8,60,100,90,0.0,70.112,44.57,0.0001,100,1.1,0,0.0012328,14.534,10.759,80876,89026,6.4938,298.02,66.372,1.8824,10.0,23,1.6147,0.18627,1.4391,0,0,0,Batch_1,0,1129,6.497039720876418
444,89.0,60,100,90,0.0,73.12,45.639,0.0001,100,1.1,0,0.0012098,14.55,10.796,80923,89083,6.5024,298.02,66.245,1.8854,10.0,23,1.606,0.18634,1.4414,0,0,0,Batch_1,0,1129,6.501803218250162
445,89.2,60,100,90,0.0,72.659,46.169,0.0001,100,1.1,0,0.0012092,14.527,10.833,80970,89139,6.5094,298.02,65.983,1.8884,10.0,23,1.6135,0.18627,1.4437,0,0,0,Batch_1,0,1129,6.5064371642676555
446,89.4,60,100,90,0.0,69.412,46.58,0.0001,100,1.1,0,0.0011912,14.538,10.869,81017,89195,6.516,298.01,64.9,1.8913,10.0,23,1.6045,0.18635,1.446,0,0,0,Batch_1,0,1129,6.509483171030965
447,89.6,60,100,90,0.0,63.533,46.227,0.0001,100,1.1,0,0.0012102,14.481,10.907,81062,89250,6.5179,298.02,66.807,1.8943,10.0,23,1.624,0.18615,1.4482,0,0,0,Batch_1,0,1129,6.510521145210491
448,89.8,60,100,90,0.0,56.917,48.478,0.0001,100,1.1,0,0.0012372,14.424,10.945,81106,89304,6.5152,298.02,69.175,1.8973,10.0,23,1.6416,0.18598,1.4505,0,0,0,Batch_1,0,1129,6.509527466314847
449,90.0,60,100,90,0.0,51.361,51.27,0.0001,100,1.1,0,0.0012745,14.354,10.984,81149,89357,6.5085,298.03,71.89,1.9004,10.0,23,1.6634,0.18577,1.4529,0,0,0,Batch_1,0,1129,6.506760423469088
450,90.2,75,100,90,0.0,48.498,54.596,0.0001,100,1.1,0,0.001265,14.735,11.023,81191,89409,6.5016,298.03,72.488,1.5517,10.0,23,1.5919,0.19014,1.4814,0,0,0,Batch_1,0,1129,6.5031516855997715
451,90.4,75,100,90,0.0,48.388,56.276,0.0001,100,1.1,0,0.0012526,14.736,11.061,81234,89461,6.4943,298.03,72.566,1.5335,10.0,23,1.529,0.19065,1.4638,0,0,0,Batch_1,0,1129,6.4999795423255255
452,90.6,75,100,90,0.0,51.19,57.589,0.0001,100,1.1,0,0.0012723,14.712,11.1,81277,89514,6.4919,298.04,73.264,1.5347,10.0,23,1.526,0.19067,1.465,0,0,0,Batch_1,0,1129,6.497982228786774
453,90.8,75,100,90,0.0,54.933,59.476,0.0001,100,1.1,0,0.0012787,14.703,11.138,81320,89567,6.4947,298.04,73.533,1.5371,10.0,23,1.5251,0.19067,1.4673,0,0,0,Batch_1,0,1129,6.497483625562033
454,91.0,75,100,90,0.0,57.547,61.033,0.0001,100,1.1,0,0.0012933,14.697,11.177,81364,89621,6.498,298.03,72.758,1.5396,10.0,23,1.5204,0.1907,1.4698,0,0,0,Batch_1,0,1129,6.4986004907143196
455,91.2,75,100,90,0.0,58.85,61.69,0.0001,100,1.1,0,0.001317,14.658,11.216,81409,89675,6.4996,298.03,72.037,1.5422,10.0,23,1.5397,0.19055,1.4722,0,0,0,Batch_1,0,1129,6.5009839272905445
456,91.4,75,100,90,0.0,59.544,62.339,0.0001,100,1.1,0,0.0012991,14.657,11.255,81453,89730,6.5042,298.02,69.078,1.5447,10.0,23,1.5477,0.19048,1.4746,0,0,0,Batch_1,0,1129,6.5035574595018835
457,91.6,75,100,90,0.0,58.366,60.913,0.0001,100,1.1,0,0.0012686,14.691,11.293,81497,89784,6.5081,298.02,66.023,1.5472,10.0,23,1.5206,0.19068,1.477,0,0,0,Batch_1,0,1129,6.505414231852158
458,91.8,75,100,90,0.0,55.654,59.159,0.0001,100,1.1,0,0.0012492,14.692,11.331,81541,89837,6.5109,298.01,63.196,1.5496,10.0,23,1.5194,0.19069,1.4794,0,0,0,Batch_1,0,1129,6.506208352857689
459,92.0,75,100,90,0.0,51.815,57.314,0.0001,100,1.1,0,0.0012802,14.648,11.37,81584,89890,6.5092,298.01,62.631,1.5521,10.0,23,1.5239,0.19065,1.4817,0,0,0,Batch_1,0,1129,6.505867832973173
460,92.2,75,100,90,0.0,48.672,57.214,0.0001,100,1.1,0,0.001295,14.621,11.408,81626,89943,6.5063,298.01,63.922,1.5546,10.0,23,1.5282,0.19061,1.4841,0,0,0,Batch_1,0,1129,6.504423790739805
461,92.4,75,100,90,0.0,46.661,58.674,0.0001,100,1.1,0,0.0013014,14.604,11.447,81668,89994,6.5016,298.01,64.742,1.5571,10.0,23,1.5312,0.19058,1.4866,0,0,0,Batch_1,0,1129,6.502182334193747
462,92.6,75,100,90,0.0,46.538,59.802,0.0001,100,1.1,0,0.0013064,14.601,11.485,81710,90046,6.4979,298.02,66.353,1.5597,10.0,23,1.5233,0.19064,1.489,0,0,0,Batch_1,0,1129,6.499746125685642
463,92.8,75,100,90,0.0,47.876,61.724,0.0001,100,1.1,0,0.0012866,14.589,11.523,81752,90098,6.4958,298.02,66.817,1.5622,10.0,23,1.5345,0.19055,1.4914,0,0,0,Batch_1,0,1129,6.497829228142002
464,93.0,75,100,90,0.0,50.07,62.763,0.0001,100,1.1,0,0.0012614,14.601,11.561,81795,90151,6.4944,298.02,65.975,1.5647,10.0,23,1.5324,0.19056,1.4938,0,0,0,Batch_1,0,1129,6.496987377813519
465,93.2,75,100,90,0.0,52.817,62.706,0.0001,100,1.1,0,0.0012155,14.624,11.598,81838,90204,6.4947,298.01,64.21,1.5671,10.0,23,1.5303,0.19057,1.4961,0,0,0,Batch_1,0,1129,6.497492644317431
466,93.4,75,100,90,0.0,55.446,61.769,0.0001,100,1.1,0,0.0012284,14.606,11.636,81881,90257,6.496,298.01,63.339,1.5695,10.0,23,1.5305,0.19056,1.4984,0,0,0,Batch_1,0,1129,6.499293477899633
467,93.6,75,100,90,0.0,57.561,61.476,0.0001,100,1.1,0,0.0012033,14.626,11.673,81926,90311,6.5003,298.01,62.146,1.5719,10.0,23,1.5167,0.19066,1.5007,0,0,0,Batch_1,0,1129,6.501962067066025
468,93.8,75,100,90,0.0,57.959,60.796,0.0001,100,1.1,0,0.0012163,14.618,11.71,81970,90365,6.5057,298.0,61.101,1.5743,10.0,23,1.5062,0.19074,1.503,0,0,0,Batch_1,0,1129,6.504628327634462
469,94.0,75,100,90,0.0,56.181,60.139,0.0001,100,1.1,0,0.0011803,14.65,11.747,82013,90419,6.5116,298.0,60.463,1.5767,10.0,23,1.4862,0.19089,1.5053,0,0,0,Batch_1,0,1129,6.506364767212865
470,94.2,75,100,90,0.0,52.072,59.741,0.0001,100,1.1,0,0.0011939,14.593,11.784,82056,90471,6.5133,298.0,59.986,1.579,10.0,23,1.5164,0.19065,1.5075,0,0,0,Batch_1,0,1129,6.50672759909442
471,94.4,75,100,90,0.0,47.294,59.416,0.0001,100,1.1,0,0.0011906,14.56,11.822,82098,90523,6.5105,298.0,60.312,1.5814,10.0,23,1.5368,0.19049,1.5098,0,0,0,Batch_1,0,1129,6.505572307223303
472,94.6,75,100,90,0.0,43.621,59.755,0.0001,100,1.1,0,0.0011669,14.55,11.859,82140,90574,6.5041,298.0,59.337,1.5837,10.0,23,1.5455,0.19042,1.512,0,0,0,Batch_1,0,1129,6.50313407442774
473,94.8,75,100,90,0.0,42.513,58.955,0.0001,100,1.1,0,0.0011517,14.539,11.896,82181,90625,6.4976,298.0,58.038,1.586,10.0,23,1.556,0.19034,1.5143,0,0,0,Batch_1,0,1129,6.5002804021707705
474,95.0,75,100,90,0.0,43.975,57.8,0.0001,100,1.1,0,0.0011501,14.522,11.933,82222,90676,6.4924,297.99,57.138,1.5883,10.0,23,1.566,0.19026,1.5165,0,0,0,Batch_1,0,1129,6.498223682952592
475,95.2,75,100,90,0.0,47.549,56.88,0.0001,100,1.1,0,0.0011524,14.502,11.97,82264,90728,6.4917,297.99,56.443,1.5906,10.0,23,1.5806,0.19015,1.5187,0,0,0,Batch_1,0,1129,6.497602121620909
476,95.4,75,100,90,0.0,51.374,56.048,0.0001,100,1.1,0,0.0011416,14.508,12.006,82307,90780,6.4948,297.99,54.76,1.5929,10.0,23,1.58,0.19015,1.5209,0,0,0,Batch_1,0,1129,6.4984324217966885
477,95.6,75,100,90,0.0,53.963,54.27,0.0001,100,1.1,0,0.0011643,14.472,12.043,82350,90833,6.5009,297.99,55.01,1.5953,10.0,23,1.5931,0.19004,1.5231,0,0,0,Batch_1,0,1129,6.500460558744982
478,95.8,75,100,90,0.0,54.133,54.06,0.0001,100,1.1,0,0.0011739,14.44,12.08,82393,90887,6.5056,297.99,55.25,1.5976,10.0,23,1.6091,0.18992,1.5254,0,0,0,Batch_1,0,1129,6.502996953176175
479,96.0,75,100,90,0.0,52.426,53.829,0.0001,100,1.1,0,0.0011866,14.413,12.117,82436,90939,6.508,297.99,55.399,1.6,10.0,23,1.6222,0.18981,1.5277,0,0,0,Batch_1,0,1129,6.504907446841771
480,96.2,75,100,90,0.0,49.749,53.54,0.0001,100,1.1,0,0.0011545,14.439,12.154,82479,90992,6.5089,297.99,54.901,1.6023,10.0,23,1.6069,0.18992,1.5299,0,0,0,Batch_1,0,1129,6.505513471860769
481,96.4,75,100,90,0.0,46.731,52.697,0.0001,100,1.1,0,0.0011467,14.432,12.19,82521,91043,6.5088,297.99,54.012,1.6046,10.0,23,1.6076,0.18991,1.5321,0,0,0,Batch_1,0,1129,6.504750800531981
482,96.6,75,100,90,0.0,43.737,51.471,0.0001,100,1.1,0,0.0011501,14.419,12.226,82562,91094,6.5039,297.99,53.908,1.6069,10.0,23,1.6085,0.1899,1.5343,0,0,0,Batch_1,0,1129,6.50302646951935
483,96.8,75,100,90,0.0,42.7,50.862,0.0001,100,1.1,0,0.0011269,14.426,12.263,82603,91145,6.4996,297.98,53.36,1.6092,10.0,23,1.6052,0.18992,1.5365,0,0,0,Batch_1,0,1129,6.5010474247820955
484,97.0,75,100,90,0.0,43.386,49.836,0.0001,100,1.1,0,0.001113,14.419,12.299,82644,91196,6.4957,297.99,54.737,1.6114,10.0,23,1.6086,0.18989,1.5386,0,0,0,Batch_1,0,1129,6.499549336316969
485,97.2,75,100,90,0.0,45.632,50.463,0.0001,100,1.1,0,0.0011087,14.392,12.335,82686,91247,6.495,297.99,55.329,1.6136,10.0,23,1.6334,0.1897,1.5407,0,0,0,Batch_1,0,1129,6.499008328309151
486,97.4,75,100,90,0.0,48.154,50.494,0.0001,100,1.1,0,0.0011252,14.364,12.371,82728,91299,6.4966,297.99,57.449,1.6159,10.0,23,1.6408,0.18964,1.5429,0,0,0,Batch_1,0,1129,6.4995159539511524
487,97.6,75,100,90,0.0,50.013,51.94,0.0001,100,1.1,0,0.0011298,14.355,12.408,82770,91351,6.501,298.0,59.562,1.6181,10.0,23,1.6423,0.18963,1.5451,0,0,0,Batch_1,0,1129,6.500801084910612
488,97.8,75,100,90,0.0,50.141,53.554,0.0001,100,1.1,0,0.0011239,14.343,12.444,82813,91403,6.5048,298.0,60.358,1.6204,10.0,23,1.6465,0.18959,1.5472,0,0,0,Batch_1,0,1129,6.502404312635731
489,98.0,75,100,90,0.0,48.736,54.21,0.0001,100,1.1,0,0.0011153,14.334,12.481,82855,91455,6.506,298.0,59.679,1.6227,10.0,23,1.6466,0.18958,1.5494,0,0,0,Batch_1,0,1129,6.503661338632773
490,98.2,75,100,90,0.0,46.884,53.67,0.0001,100,1.1,0,0.0011289,14.307,12.517,82897,91507,6.5059,298.0,59.051,1.6249,10.0,23,1.6528,0.18953,1.5516,0,0,0,Batch_1,0,1129,6.5040141414305355
491,98.4,75,100,90,0.0,45.052,53.14,0.0001,100,1.1,0,0.001095,14.338,12.553,82938,91558,6.5056,297.99,57.021,1.6272,10.0,23,1.6344,0.18967,1.5537,0,0,0,Batch_1,0,1129,6.5033610096472065
492,98.6,75,100,90,0.0,43.332,51.317,0.0001,100,1.1,0,0.0011006,14.307,12.59,82979,91609,6.5034,297.99,56.605,1.6294,10.0,23,1.6468,0.18957,1.5559,0,0,0,Batch_1,0,1129,6.502169779320394
493,98.8,75,100,90,0.0,42.515,50.745,0.0001,100,1.1,0,0.0011246,14.258,12.626,83020,91660,6.4992,297.99,56.696,1.6317,10.0,23,1.6672,0.18941,1.5581,0,0,0,Batch_1,0,1129,6.501074627357283
494,99.0,75,100,90,0.0,43.363,50.547,0.0001,100,1.1,0,0.0011244,14.245,12.663,83062,91711,6.4964,297.99,56.484,1.634,10.0,23,1.6727,0.18936,1.5603,0,0,0,Batch_1,0,1129,6.500416916533365
495,99.2,75,100,90,0.0,45.312,50.083,0.0001,100,1.1,0,0.0011096,14.266,12.699,83103,91762,6.4978,297.99,55.413,1.6362,10.0,23,1.659,0.18946,1.5624,0,0,0,Batch_1,0,1129,6.500319520215169
496,99.4,75,100,90,0.0,46.702,48.851,0.0001,100,1.1,0,0.0011046,14.276,12.735,83145,91814,6.5007,297.99,53.773,1.6385,10.0,23,1.645,0.18957,1.5646,0,0,0,Batch_1,0,1129,6.501192804319542
497,99.6,75,100,90,0.0,46.941,47.036,0.0001,100,1.1,0,0.0010985,14.269,12.77,83187,91866,6.5029,297.98,52.043,1.6407,10.0,23,1.6456,0.18956,1.5668,0,0,0,Batch_1,0,1129,6.502153506489671
498,99.8,75,100,90,0.0,46.311,44.998,0.0001,100,1.1,0,0.0010957,14.247,12.806,83228,91917,6.5044,297.98,50.34,1.643,10.0,23,1.6562,0.18947,1.5689,0,0,0,Batch_1,0,1129,6.50324157486407
499,100.0,75,100,90,0.0,45.069,42.822,0.0001,100,1.1,0,0.0010837,14.245,12.841,83270,91968,6.5043,297.98,49.94,1.6452,10.0,23,1.6563,0.18947,1.5711,0,0,0,Batch_1,0,1129,6.504427861007825
