Time (h),Air head pressure(pressure:bar),Dumped broth flow(Fremoved:L/h),Substrate concentration(S:g/L),Dissolved oxygen concentration(DO2:mg/L),Vessel Weight(Wt:Kg),carbon dioxide percent in off-gas(CO2outgas:%)
0.497991967871486,1.0,0.0,0.0005733383421635555,0.47962142166827704,0.1963720518667258,0.5963616955032692
0.8674698795180722,1.0,0.0,1.554464551731282e-05,0.8280401239710735,0.8815301364734709,0.974258328514878
0.03614457831325301,0.0,0.0,0.8187494332681322,0.7328956576798742,0.003505428308886227,0.029016367922430286
0.644578313253012,1.0,0.0,0.0003801702138684146,0.8472023194587925,0.5231936834223871,0.7471422852822133
0.6646586345381525,1.0,0.0,0.00035203440548207824,0.8736961375679004,0.5694449171289522,0.7681025663834897
0.1104417670682731,0.0,0.0,0.29832506444550955,0.369647082347452,0.016778409284280205,0.11938464617711159
0.6024096385542168,1.0,0.0,0.0003800147674132414,0.8173759456126901,0.4270156212776097,0.7031646132633546
0.4578313253012048,1.0,0.0,0.0006360350790833839,0.5686006598460356,0.17761971207841265,0.5524952186096161
0.6626506024096386,1.0,0.0,0.00037545500472816297,0.8675309094544605,0.5648163904298404,0.7660454565671841
0.26305220883534136,0.3999999999999999,0.0,0.0009532494786066817,0.5182790682174159,0.10972330939658992,0.37229795845750124
0.27309236947791166,0.3999999999999999,0.0,0.0009142324183582265,0.49295164461625607,0.11227580573801177,0.38351754659075743
0.8473895582329316,1.0,0.0,1.9586253351814176e-05,0.8430366247875494,0.8637987952217268,0.9590245963616955
0.6706827309236948,1.0,0.0,0.00035011723253494307,0.876695437731196,0.5831603308035258,0.7742738958324067
0.04819277108433735,0.0,0.0,0.9384432037514412,0.6919052221148396,0.005377258959262221,0.04336609883022728
0.9297188755020079,1.0,0.0,9.658406414757043e-05,0.7975472389775717,0.9381615219684853,0.813358982342214
0.5622489959839356,1.0,0.0,0.00046069147764809506,0.7525577365281433,0.3375421161896335,0.6638571365031357
0.49397590361445787,1.0,0.0,0.0005800225397360001,0.49211850568200743,0.19453425450090212,0.5920250856202465
0.4738955823293173,1.0,0.0,0.0006172778734924933,0.5321091745259436,0.1849709015417078,0.5697860605791042
0.23293172690763053,0.19999999999999996,0.0,0.009079627446662434,0.012397107341620028,0.09297893339686203,0.32848707912645114
0.0823293172690763,0.0,0.0,0.912794538647875,0.5626020595194454,0.010720484633972127,0.06299759818529556
0.43975903614457834,1.0,0.0,0.0007064005077917537,0.5935948278734959,0.1697580233468332,0.5327580838856025
0.3514056224899598,0.5999999999999999,0.0,0.0008772361620270219,0.4624587596227543,0.1371881700302895,0.48036850064493175
0.6405622489959839,1.0,0.0,0.00041317667785017553,0.8387043023294565,0.5140727631623729,0.7429168705243961
0.30522088353413657,0.5999999999999999,0.0,0.0010079148153425651,0.550104975505715,0.12224755811183341,0.42286394164479824
0.4618473895582329,1.0,0.0,0.0006494034742282733,0.5654347318958908,0.17945750944423633,0.5568318284926389
0.45381526104417674,1.0,0.0,0.0006338070132259024,0.5809311160729163,0.17595208113535055,0.5482142062891964
0.8353413654618472,1.0,0.0,4.9069264349650894e-05,0.8413703469190521,0.8530102440186504,0.9499621936574301
0.40562248995983935,1.0,0.0,0.0007474901874425173,0.6560802479421466,0.15621277609502116,0.49641951696837605
0.25100401606425704,0.3999999999999999,0.0,0.001012267316087413,0.5246109241177055,0.10652418064867453,0.358470844638171
0.6586345381526104,1.0,0.0,0.0003804292912937031,0.8631985869963672,0.5554912704625123,0.7617644442467643
0.06024096385542169,0.0,0.0,0.9964247315310181,0.6460825807311625,0.007249089609638215,0.060834853000044486
0.22489959839357432,0.19999999999999996,0.0,0.011201989714626215,0.0320591861898889,0.08147568321818754,0.3043688564693323
0.9417670682730923,1.0,0.0,6.160861173361656e-05,0.7962142166827739,0.9490521730252186,0.8213094337944224
0.5421686746987951,1.0,0.0,0.00046592484163892397,0.7300629853034288,0.29343497940986296,0.6437864164035049
0.2791164658634538,0.3999999999999999,0.0,0.00118470925035947,0.4601259706068581,0.1140115032501785,0.3904950406974158
0.11244979919678715,0.0,0.0,0.2275036594686322,0.350818142433432,0.0173229418371168,0.12439398656762887
0.38353413654618473,0.5999999999999999,0.0,0.0007436558415482467,0.40347252307794834,0.14821495422523245,0.5189698883600943
0.04618473895582329,0.0,0.0,0.9227431117789552,0.6979038224414302,0.005173059251948331,0.040764132900413655
0.0321285140562249,0.0,0.0,0.795432464992163,0.7455593694804543,0.0030629956097061317,0.024868789752257273
0.5301204819277108,1.0,0.0,0.0005430780988898532,0.7125670676842066,0.26695708402817964,0.631054574567451
0.13052208835341367,0.19999999999999996,0.0,0.00605204865474047,0.6032592395107805,0.02191743525167622,0.1623282035315572
0.4156626506024096,1.0,0.0,0.0006834980633962461,0.639417469257173,0.16019467038763935,0.5074611929013032
0.9598393574297188,1.0,0.0,5.782608132440367e-05,0.7662212150498218,0.9649797501956914,0.8329849219410221
0.18674698795180722,0.19999999999999996,0.0,0.0078339831858751,0.3224914186689771,0.043936970357009386,0.28115131432637996
0.5060240963855421,1.0,0.0,0.0005108488671839579,0.7085680007998132,0.21376306027294678,0.604868122581506
0.5321285140562249,1.0,0.0,0.0005227146132621732,0.7195654347318956,0.2714154443045298,0.6332228795089623
0.04417670682730923,0.0,0.0,0.9049185849191032,0.7055687006365177,0.004900792975530255,0.038256682827024865
0.44377510040160645,1.0,0.0,0.0006979545837273469,0.5912620388575998,0.17152775414355226,0.5372058888938309
0.5220883534136546,1.0,0.0,0.0005864994753682137,0.6964041723597827,0.24912364292277855,0.6221589645509942
0.8534136546184738,1.0,0.0,2.7773099990932235e-05,0.8252074515946277,0.8690399210427797,0.9635835964951296
0.008032128514056224,0.0,0.0,0.609933028485563,0.8008797947145663,0.0010890651056731926,0.005926700173464403
0.23092369477911645,0.19999999999999996,0.0,0.009826806741194604,0.012063851767920797,0.09012013749446979,0.3224825423653427
0.08835341365461848,0.0,0.0,0.8342422633003874,0.5266104575599027,0.011775516455093005,0.07313303384779613
0.030120481927710843,0.0,0.0,0.7818049924219854,0.7517245975938947,0.0028928291869450007,0.022911755548636753
0.9257028112449798,1.0,0.0,0.00011990103242353982,0.7975472389775717,0.9345880270904945,0.8105791042120714
0.7148594377510039,1.0,0.0,0.0004260787336295451,0.92435098477022,0.6855324507368206,0.821476226482231
0.004016064257028113,0.0,0.0,0.566408021037087,0.8075449061885558,0.0007487322601504864,0.0035749232753636076
0.4357429718875502,1.0,0.0,0.0005941681671567549,0.625753990735495,0.1680903924037711,0.5285326691277854
0.8112449799196787,1.0,0.0,0.00012155912794538642,0.8470356916719428,0.8313991083279446,0.9300026686830049
0.11847389558232932,0.0,0.0,0.031400702099822535,0.35848302062851967,0.01909267263383585,0.13992794555886667
0.21887550200803213,0.19999999999999996,0.0,0.013036257885669133,0.05105475389075864,0.07289929551100993,0.286566516923898
0.6365461847389557,1.0,0.0,0.00036866717618560304,0.8457026693771454,0.5049178096178064,0.7387470533291821
0.8574297188755019,1.0,0.0,1.963806883687185e-05,0.8235411737261304,0.8723751829289044,0.9666970600008895
0.05622489959839357,0.0,0.0,0.9848180628780911,0.6635784983503847,0.006568423918592359,0.05464684428234666
0.8755020080321284,1.0,0.0,4.326593002318738e-05,0.8048788615989602,0.8889153592213184,0.980318462838589
0.9437751004016064,1.0,0.0,5.9898700726712184e-05,0.7907154997167325,0.9508219038219377,0.8226437752968909
0.050200803212851405,0.0,0.0,0.9523297537469073,0.6845735994934512,0.005581458666576111,0.04605702086020548
0.012048192771084338,0.0,0.0,0.6494164280995376,0.7945479388142767,0.0012592315284347677,0.00843971000311347
0.9076305220883534,1.0,0.0,0.00010554814306255422,0.8145432732362448,0.9182860837899467,0.7980140550638259
0.21485943775100402,0.19999999999999996,0.0,0.01427257535914608,0.06755090478888248,0.06755606983630003,0.2747631543833119
0.07228915662650602,0.0,0.0,0.9846626164229181,0.5862632052521075,0.009018820406357264,0.08187853044522528
0.3132530120481928,0.5999999999999999,0.0,0.000983354275425211,0.5274435964941513,0.12442568832318024,0.4326935907129832
0.9799196787148594,1.0,0.0,2.0881640478256957e-05,0.7530576198886925,0.9825409250246739,0.8456055686518703
0.23493975903614459,0.19999999999999996,0.0,0.008609142842338434,0.00633185590028984,0.09583772929925471,0.3344582573499978
0.22690763052208834,0.19999999999999996,0.0,0.011022708136326541,0.02167827506915021,0.0843685124051321,0.3103678334741805
0.3493975903614458,0.5999999999999999,0.0,0.0008784279181833491,0.4639584097044023,0.13647347105469132,0.4779722456967487
0.7469879518072289,1.0,0.0,0.00030835395157842926,1.0,0.7611203757274616,0.85650269092203
0.3614457831325301,0.5999999999999999,0.0,0.0009200875681697475,0.42813343553170924,0.14059149848551877,0.49244429124227196
0.28714859437751006,0.3999999999999999,0.0,0.0011753306475640246,0.4412970306928381,0.11680223258346656,0.40081394831650574
0.7389558232931727,1.0,0.0,0.0003874243817764939,0.9711733928749959,0.7421978695163869,0.8478850687185874
0.7811244979919678,1.0,0.0,0.0005446325634415845,0.7900489885693336,0.8008712520845385,0.8965885335586887
0.3895582329317269,0.5999999999999999,0.0,0.000731479202559685,0.39214183357216603,0.1503250178674742,0.526030778810657
0.8092369477911646,1.0,0.0,0.00010352733914530349,0.8578664978171755,0.8296634108157779,0.9282791442423165
0.5502008032128514,1.0,0.0,0.00039794292524320896,0.7607224980837803,0.3109280876697409,0.6518480629809189
0.9096385542168675,1.0,0.0,0.00011311320388097978,0.813543506515146,0.9201238811557704,0.7994039941288974
0.28112449799196787,0.3999999999999999,0.0,0.0012131559516561524,0.4542939980671177,0.1147942687948813,0.39306364808966776
0.7309236947791165,1.0,0.0,0.0003687189916706607,0.9638417702536075,0.7232413300207603,0.8392674465151447
0.13253012048192772,0.19999999999999996,0.0,0.005970180188349289,0.5994268004132368,0.022359867950855872,0.16576413290041364
0.4196787148594378,1.0,0.0,0.0006853634208583236,0.6362515413070282,0.1617602014770445,0.5117422052217231
0.33534136546184734,0.5999999999999999,0.0,0.0009452180784227368,0.4812876995367743,0.13184494435557959,0.46084263665880887
0.9879518072289156,1.0,0.0,2.570048058862383e-05,0.7403939080881123,0.9895177483578941,0.8506093492861272
0.751004016064257,1.0,0.0,0.00024664170887469725,0.89919018895591,0.7678249327842632,0.8605613129920384
0.8012048192771084,1.0,0.0,6.979545837273462e-05,0.890358916252874,0.8221760882142735,0.9215518391673709
0.5441767068273092,1.0,0.0,0.0004369081700066065,0.7410604192355117,0.2977912398325562,0.6458435262198106
0.21686746987951808,0.19999999999999996,0.0,0.013795354741764578,0.057219982004198755,0.0701766327468265,0.28064537650669397
0.49598393574297184,1.0,0.0,0.0005675350078370921,0.48811943879761355,0.19545315318381373,0.5941933905617578
0.2891566265060241,0.3999999999999999,0.0,0.0011248623651178152,0.4387976138900922,0.11731273185175084,0.403349197171196
0.18273092369477914,0.19999999999999996,0.0,0.008900864023213335,0.3243243243243241,0.04192900656842413,0.27103255793266023
0.3032128514056225,0.5999999999999999,0.0,0.0009974999028459653,0.5577698537008029,0.12163495898989218,0.42045100742783437
0.7349397590361445,1.0,0.0,0.0003664391103281216,0.9691738594327988,0.7327025831262977,0.8435484588355646
0.9357429718875501,1.0,0.0,6.647926732904132e-05,0.8017129336488149,0.9436068474968518,0.8173620068496198
0.16465863453815263,0.19999999999999996,0.0,0.013696387165304351,0.37647882160829127,0.03250178674743909,0.22533136147311303
0.48995983935742976,1.0,0.0,0.0006441182947523868,0.4914519945346081,0.19259435728142105,0.5876328781746208
0.32931726907630526,0.5999999999999999,0.0,0.0010542378589841576,0.4781217715866295,0.12970084742878552,0.45329804741360136
0.3253012048192771,0.5999999999999999,0.0,0.0011532054354443824,0.4739560769153863,0.12840758261579843,0.4480996753102344
0.39759036144578314,0.5999999999999999,0.0,0.0006914258326100755,0.38097777185323434,0.15308171391620995,0.535259974202731
0.4558232931726907,1.0,0.0,0.0006141171289039729,0.5802646049255173,0.17676887996460522,0.5503269136681047
0.1465863453815261,0.19999999999999996,0.0,0.005211601487104422,0.5782650714833202,0.026205629105264805,0.18954321042565495
0.9578313253012047,1.0,0.0,5.124551472207475e-05,0.7707201652947644,0.9632100193989723,0.8316505804385536
0.716867469879518,1.0,0.0,0.00038379729782245416,0.9371813243576499,0.6902630772895892,0.8237001289863451
0.5,1.0,0.0,0.0005522494397450678,0.6935714999833369,0.20066024572031438,0.5985300004447804
0.23694779116465864,0.19999999999999996,0.0,0.0082795963573714,0.0,0.09873055848619972,0.34042387581728417
0.6204819277108433,1.0,0.0,0.00041100042747775167,0.8243743126603791,0.46805976244767367,0.7217341991727082
0.5983935742971886,1.0,0.0,0.0003132764226589116,0.8282067517579228,0.4179627675866997,0.6992171863185518
0.5100401606425703,1.0,0.0,0.0005216783035610191,0.7089012563735126,0.22261171425654291,0.6091491349019259
0.7088353413654618,1.0,0.0,0.00042037903027319706,0.9095211117405935,0.6713065377939627,0.8147489214072855
0.7991967871485943,1.0,0.0,0.00045157195227793826,0.7805512047188987,0.8201681244256882,0.919605924476271
0.44979919678714864,1.0,0.0,0.0007098203298055624,0.5745992601726262,0.17425041690773568,0.5438775964061736
0.7068273092369477,1.0,0.0,0.0004213635244892936,0.9075215782983967,0.666575911241194,0.8125250189031712
0.4678714859437751,1.0,0.0,0.0006106454914051063,0.5567700869797045,0.1822822720620767,0.5632811457545701
0.7650602409638553,1.0,0.0,0.0005287252095288675,0.8177092011863896,0.7821869788653304,0.8755726548948094
0.5481927710843373,1.0,0.0,0.0004184100418410042,0.7507248308727963,0.30653779396249536,0.6498465507272161
0.07028112449799198,0.0,0.0,0.9920204153011128,0.5975938947578898,0.008644454276282243,0.07810345594449139
0.39156626506024095,0.5999999999999999,0.0,0.000699353601823905,0.39164195021161685,0.15103971684307238,0.528310278877374
0.27710843373493976,0.3999999999999999,0.0,0.0009010194696685104,0.4937847835505047,0.11329680427458078,0.3880487479428901
0.7289156626506024,1.0,0.0,0.00038379729782245416,0.9581764255007164,0.7185447367525439,0.8370991415736334
0.4879518072289157,1.0,0.0,0.0006685752036996257,0.4904522278135097,0.19157335874485248,0.5854089756705066
0.8795180722891566,1.0,0.0,5.119369923701697e-05,0.7965474722564734,0.8924548208147569,0.9834875239069518
0.5722891566265059,1.0,0.0,0.0004375817713123566,0.7752191155397075,0.3600381172786986,0.6741982831472668
0.11646586345381527,0.0,0.0,0.08163270593416842,0.33665478055120457,0.018412006942789994,0.13475181248054086
0.22088353413654618,0.19999999999999996,0.0,0.011892171975594905,0.05472056520145285,0.07575809141340217,0.29247653782858163
0.17670682730923695,0.19999999999999996,0.0,0.009910229672137519,0.34248675309094523,0.039002144096926816,0.25576546724191607
0.8734939759036144,1.0,0.0,2.1140717903545426e-05,0.8183757123337889,0.8871456284245993,0.9787617310857093
0.010040160642570281,0.0,0.0,0.6301410676580697,0.7980471223381209,0.0011911649593301377,0.007155406306987494
0.7208835341365462,1.0,0.0,0.00042980944855370033,0.9338487686206549,0.6996902971105743,0.8280923364319708
0.6927710843373494,1.0,0.0,0.0003816210474500304,0.9008564668244077,0.6343804240547257,0.7972356891873861
0.6767068273092368,1.0,0.0,0.0003375260696659196,0.8901922884660243,0.5969097777626517,0.7803896277187209
0.31526104417670686,0.5999999999999999,0.0,0.0009578092412917599,0.5291098743626486,0.12507232072967378,0.43510652492994706
0.2991967871485944,0.5999999999999999,0.0,0.0010043395468735832,0.5681007764854864,0.12027362760780047,0.41565293777520784
0.3534136546184739,0.5999999999999999,0.0,0.0008710701193051545,0.4581264371646614,0.13790286900588766,0.48275919583685456
0.78714859437751,1.0,0.0,0.0005341658354599271,0.7777185323424529,0.807303542864922,0.9043721923230885
0.3674698795180723,0.5999999999999999,0.0,0.0008791015194890994,0.42113506848402027,0.14263349555865634,0.4998999243873148
0.8995983935742972,1.0,0.0,0.00010337189269013047,0.756390175625687,0.9111390940339654,1.0
0.018072289156626505,0.0,0.0,0.7001437879710353,0.782217482587396,0.0014974645203009729,0.012659565004670192
0.7610441767068273,1.0,0.0,0.0004734380869722915,0.8355383743793112,0.7777626518735321,0.8706244718231553
0.20481927710843376,0.19999999999999996,0.0,0.016234309623430962,0.13053620821808232,0.0562910526494913,0.24636391940577326
0.1606425702811245,0.19999999999999996,0.0,0.01582082205267044,0.3889759056220212,0.03052785624340615,0.21526820264199617
0.07429718875502009,0.0,0.0,0.9752840136274726,0.5767654214016726,0.00939318653643273,0.08577035982742515
0.6285140562248995,1.0,0.0,0.00041353938624557945,0.8273736128236742,0.4864377361059118,0.730296223813548
0.33333333333333337,0.5999999999999999,0.0,0.0010041841004184101,0.47728863265238086,0.13113024537998186,0.4583629853667215
0.9397590361445782,1.0,0.0,5.456170576576805e-05,0.8057120005332088,0.9472824422284996,0.8200306898545567
0.5923694779116465,1.0,0.0,0.00029379380027721286,0.8278734961842233,0.4046557533267534,0.6936574300582662
0.9497991967871485,1.0,0.0,3.8913429278339775e-05,0.7843836438164429,0.9560289963584387,0.8264800071164881
0.39558232931726905,0.5999999999999999,0.0,0.0006850525279479773,0.38664311660612505,0.1524010482251641,0.5329804741360139
0.5943775100401606,1.0,0.0,0.0002809953754679585,0.8330389575765653,0.4090460470339994,0.6954921496241605
0.8333333333333334,1.0,0.0,5.699703356348048e-05,0.8397040690505544,0.8513426130755879,0.9483498643419472
0.29116465863453816,0.3999999999999999,0.0,0.0010868297990854568,0.43179924684240323,0.11778919783548325,0.40585108748832455
0.7851405622489959,1.0,0.0,0.0005320414005725611,0.7845502716032922,0.8051934792226798,0.9017591068807543
0.29317269076305225,0.3999999999999999,0.0,0.0010510252989105796,0.43246575798980214,0.11826566381921522,0.40832517902415155
0.895582329317269,1.0,0.0,7.00545357980232e-05,0.7775519045556036,0.9074975325868699,0.996608548681226
0.57429718875502,1.0,0.0,0.0004299130795238157,0.7772186489819037,0.3645985774087057,0.6762553929635725
0.24497991967871488,0.19999999999999996,0.0,0.0010865189061751105,0.4086379844702899,0.10502671612837355,0.3514377529689099
0.7369477911646586,1.0,0.0,0.0003533816080935788,0.9751724597593894,0.7374332096790663,0.845716763777076
0.19076305220883533,0.19999999999999996,0.0,0.007255204217780484,0.3123271236711431,0.046081067283803456,0.2912478316950585
0.285140562248996,0.3999999999999999,0.0,0.0011968340738629738,0.44629586429833035,0.11622366674607765,0.3982453409242539
0.4779116465863454,1.0,0.0,0.0005931836729406583,0.5219448795281099,0.18667256576932223,0.5740670728995242
0.8855421686746987,1.0,0.0,6.917367255204212e-05,0.7873829439797375,0.897968212912228,0.9883801094160032
0.1927710843373494,0.19999999999999996,0.0,0.007102348536860241,0.30466224547605547,0.04717013238947709,0.29631276964817854
0.8152610441767068,1.0,0.0,0.0001087088876510745,0.8500349918352383,0.8348364700677262,0.9334497175643819
0.24297188755020083,0.19999999999999996,0.0,0.0010820627744601474,0.4304662245476054,0.10400571759180499,0.3490804163145488
0.3654618473895582,0.5999999999999999,0.0,0.0009072373278754357,0.4204685573366209,0.14195282986761049,0.4974202730952275
0.4036144578313253,1.0,0.0,0.0007542262005000195,0.6604125704002399,0.15543001055031835,0.4942067339767825
0.4919678714859438,1.0,0.0,0.0006066038835706051,0.4919518778951577,0.19358132253343774,0.589856780678735
0.610441767068273,1.0,0.0,0.0003783566718913948,0.8318725630686172,0.4453255283667428,0.7113374549659742
0.5963855421686746,1.0,0.0,0.00031167014262212266,0.8267071016762753,0.41350440731034954,0.6973268691900547
0.7028112449799196,1.0,0.0,0.0004108967965076363,0.9016896057586563,0.6572507912738659,0.8080772138949428
0.7730923694779116,1.0,0.0,0.000538103812324313,0.8090445562702033,0.791614198686315,0.8859138015389405
0.7911646586345381,1.0,0.0,0.0005053564257678408,0.7735528376712102,0.8114896368648536,0.9094871680825513
0.5682730923694779,1.0,0.0,0.0004386180810135109,0.7690538874262671,0.35098526358778903,0.6700840635146554
0.24899598393574296,0.3999999999999999,0.0,0.0010494708343588483,0.5277768520678507,0.10611578123404675,0.3561357470088511
0.6044176706827309,1.0,0.0,0.00038068836871899166,0.8230412903655813,0.43157608140761683,0.7052217230796602
0.4457831325301205,1.0,0.0,0.0006923585113411142,0.5875962275469053,0.17244665282646432,0.5394297913979451
0.8373493975903613,1.0,0.0,2.7773099990932235e-05,0.8485353417535908,0.8547119082462649,0.9514633278477072
0.43775100401606426,1.0,0.0,0.0005975361736855058,0.6190888792615055,0.16887315794847346,0.5305897789440911
0.25702811244979923,0.3999999999999999,0.0,0.0009668769511768591,0.5161129069883694,0.1075792124697954,0.36542053996352797
0.8413654618473896,1.0,0.0,2.6270450924258766e-05,0.8493684806878394,0.8582513698397034,0.9545211937908642
0.5783132530120482,1.0,0.0,0.0003894970011788022,0.7897157329956341,0.373617397815063,0.6803140150335809
0.8895582329317269,1.0,0.0,6.98472738577924e-05,0.7890492218482352,0.9018139740666373,0.9916603656095717
0.7530120481927711,1.0,0.0,0.0002444654585022734,0.895524377645216,0.7697648300037438,0.8625072276831384
0.5823293172690762,1.0,0.0,0.00033208544373486014,0.8057120005332088,0.38253411836776374,0.6842058444157808
0.7108433734939759,1.0,0.0,0.0004141093565812143,0.91801912886993,0.6760371643467309,0.8169728239113997
0.5883534136546185,1.0,0.0,0.00030612588572094773,0.8197087346285863,0.3958070993431577,0.689876795801272
0.7931726907630522,1.0,0.0,0.0004946824358459527,0.7737194654580595,0.8135997005070958,0.9120446559622826
0.6807228915662651,1.0,0.0,0.0003810510771143956,0.8880261272369778,0.6062689310145322,0.7845594449139349
0.22289156626506026,0.19999999999999996,0.0,0.011742943378628702,0.04055720331922541,0.07861688731579486,0.29840323800204605
0.357429718875502,0.5999999999999999,0.0,0.0008269751415210437,0.4537941147065685,0.13926420038797938,0.48751278743939874
0.6144578313253012,1.0,0.0,0.0003905851263650142,0.8275402406105243,0.45441241534220467,0.7153960770359827
0.8654618473895581,1.0,0.0,1.051854346671504e-05,0.8298730296264205,0.8796242725385426,0.9727571943246007
0.9759036144578312,1.0,0.0,2.8394885811624843e-05,0.7565568034125372,0.9790014634312358,0.843048080772139
0.963855421686747,1.0,0.0,3.715170278637773e-05,0.7693871429999666,0.9685192117891299,0.8355424098207535
0.8453815261044175,1.0,0.0,0.0,0.854533942080181,0.8619609978559031,0.9575234621714184
0.465863453815261,1.0,0.0,0.0006409057346788088,0.5546039257506581,0.18132934009461277,0.5611684383756615
0.6224899598393574,1.0,0.0,0.0004333847170226822,0.818042456760089,0.47262022257768077,0.7238469065516168
0.3273092369477912,0.5999999999999999,0.0,0.0011160019171729471,0.47528909921018414,0.12902018173773966,0.45072388026508914
0.2710843373493976,0.3999999999999999,0.0,0.0009130406622018991,0.49778385043489815,0.11193547289248906,0.3812658453053418
0.39357429718875503,0.5999999999999999,0.0,0.0007129292589090251,0.3851434665244775,0.15172038253411824,0.530645376506694
0.5160642570281123,1.0,0.0,0.0005324559244530227,0.7082347452261137,0.23585066194738458,0.6155428546012544
0.463855421686747,1.0,0.0,0.000643703770871925,0.5596027593561499,0.1803764081271484,0.5590001334341502
0.2289156626506024,0.19999999999999996,0.0,0.010818555125199166,0.010047655547038792,0.0872613415920771,0.31642796779789173
0.2389558232931727,0.19999999999999996,0.0,0.0010788502143865694,0.4392974972506414,0.10053432256747108,0.3442712271494017
0.6987951807228915,1.0,0.0,0.00040068914595126754,0.8986903055953608,0.648061804444747,0.8036850064493172
0.44779116465863456,1.0,0.0,0.0006984209230928663,0.5822641383677141,0.17336555150937638,0.5416536939020594
0.8052208835341365,1.0,0.0,8.544373486016289e-05,0.8771953210917451,0.8260558826532347,0.9248876929235422
0.7951807228915662,1.0,0.0,0.00047965594517921674,0.776718765621355,0.8157437974338904,0.9146021438420139
0.2530120481927711,0.3999999999999999,0.0,0.0010112828218713163,0.5159462792015193,0.1067964469250926,0.36080594226749096
0.570281124497992,1.0,0.0,0.00041856548829617734,0.7813843436531474,0.3554776571486915,0.6721411733309611
0.8232931726907631,1.0,0.0,8.093578766014216e-05,0.8610324257673208,0.842357825953783,0.9402882177645332
0.21285140562248997,0.19999999999999996,0.0,0.014639947148205242,0.0822141500316591,0.06503760677943049,0.26895876884757375
0.7409638554216867,1.0,0.0,0.00038074018420404944,0.9746725763988402,0.7469284960691556,0.8500533736600987
0.6506024096385542,1.0,0.0,0.00039188051349145687,0.8472023194587925,0.5369090970969608,0.753424809856336
0.26506024096385544,0.3999999999999999,0.0,0.0009519022759951812,0.5129469790382242,0.1104720416567404,0.37456633901169767
0.9056224899598393,1.0,0.0,0.00010223195201886082,0.8160429233178923,0.9164823197086749,0.7966797135613575
0.08634538152610442,0.0,0.0,0.8637770897832817,0.5389409137867829,0.011367117040465669,0.06961926789129563
0.9216867469879518,1.0,0.0,0.00011399406712696086,0.8008797947145663,0.9310825987816083,0.8077436285193257
0.1285140562248996,0.19999999999999996,0.0,0.006240657020350532,0.6067584230346248,0.021543069121600755,0.15888671440644042
0.5662650602409638,1.0,0.0,0.0004360791222456831,0.7658879594761219,0.3464588367423338,0.6680269536983499
0.1686746987951807,0.19999999999999996,0.0,0.011982330919595321,0.3683140600526542,0.03467991695878592,0.23545567762309297
0.4839357429718876,1.0,0.0,0.0006649999352306438,0.4949511780584528,0.18953136167171492,0.5809055730996754
0.3714859437751004,0.5999999999999999,0.0,0.0008268196950658703,0.42030192954977164,0.144096926794405,0.5046813147711605
0.7670682730923694,1.0,0.0,0.000540953664002487,0.8142100176625453,0.784501242214886,0.8781857403371436
0.3172690763052209,0.5999999999999999,0.0,0.0009578092412917599,0.5254440630519546,0.12575298642071964,0.4375083396343904
0.02208835341365462,0.0,0.0,0.7279687034470251,0.7743859766054584,0.001939897219480624,0.01580082729173153
0.06827309236947791,0.0,0.0,0.9970465173517107,0.6065917952477755,0.008304121430759093,0.07443401681270292
0.05421686746987951,0.0,0.0,0.9757503529929921,0.6690772153164262,0.006194057788517338,0.05170017346439533
0.33935742971887556,0.5999999999999999,0.0,0.0009424200422296203,0.4736228213416869,0.13327434230677593,0.4657407819241204
0.28313253012048195,0.3999999999999999,0.0,0.0012255398525849452,0.44879528110107625,0.11554300105503179,0.39566005426322104
0.7971887550200802,1.0,0.0,0.0004618314183193647,0.7807178325057484,0.8179559609297895,0.9171040341591425
0.684738955823293,1.0,0.0,0.00038566265528453176,0.897357283300563,0.6157301841200695,0.7887848596717519
0.44176706827309237,1.0,0.0,0.0006875914867158051,0.5955943613156927,0.17064288874519296,0.5349819863897167
0.18875502008032127,0.19999999999999996,0.0,0.007499773307252873,0.31482654047388925,0.044992002178130264,0.2861940132544589
0.10040160642570282,0.0,0.0,0.5949583533038849,0.45012830339587406,0.01449817921927643,0.09642285282213228
0.47991967871485947,1.0,0.0,0.0006724613650789538,0.5009497783850434,0.1875914644522343,0.5762909754036384
0.9698795180722891,1.0,0.0,1.968988432192963e-05,0.7672209817709201,0.9737263043256306,0.8393230440777476
0.7570281124497991,1.0,0.0,0.0002359159034677513,0.8883593828106773,0.7736786577272574,0.8663990570653382
0.35542168674698793,0.5999999999999999,0.0,0.0008725209528867701,0.4529609757723194,0.13858353469693352,0.48514989102877726
0.08032128514056226,0.0,0.0,0.9324326074847469,0.5730996100909787,0.010448218357553607,0.06026219810523506
0.9979919678714859,1.0,0.0,1.0725805406945838e-05,0.7385610024327653,0.9982643024878333,0.85689187386025
0.8433734939759037,1.0,0.0,1.9275360441467927e-05,0.8485353417535908,0.8601232004900794,0.9560223279811413
0.41164658634538154,1.0,0.0,0.0007500291462103449,0.6384177025360747,0.15862913929823375,0.5031245830182804
0.5642570281124497,1.0,0.0,0.00043685635452154873,0.7627220315259771,0.34200047646598364,0.6659698438820443
0.5080321285140562,1.0,0.0,0.0005268080365817325,0.7049021894891192,0.21818738726474507,0.6069808299604146
0.825301204819277,1.0,0.0,6.793010091065723e-05,0.859032892325124,0.8442636898887113,0.941900547080016
0.006024096385542168,0.0,0.0,0.5885850486417866,0.802879328156763,0.0009529319674643766,0.004748031846283855
0.5120481927710843,1.0,0.0,0.0005097089265126883,0.7114006731762585,0.22703604124834076,0.6112618422808345
0.8975903614457831,1.0,0.0,8.404471676360476e-05,0.7680541207051683,0.9093353299526936,0.9982764755593114
0.19879518072289157,0.19999999999999996,0.0,0.020259854657564417,0.16952711034092038,0.050947826974781396,0.23494973980340703
0.45180722891566266,1.0,0.0,0.000652978742697255,0.5822641383677141,0.17510124902154311,0.5460459013476849
0.859437751004016,1.0,0.0,1.813541977019838e-05,0.8243743126603791,0.8741108804410715,0.9681981941911666
0.4257028112449799,1.0,0.0,0.0006347915074419989,0.6385843303229244,0.1641765646802571,0.5181359249210515
0.34136546184738953,0.5999999999999999,0.0,0.0009497260256227574,0.467790848801946,0.13392097471326947,0.46819263443490633
0.19477911646586346,0.19999999999999996,0.0,0.007111157169320052,0.29233178924917524,0.04822516421059797,0.301422185651381
0.5843373493975903,1.0,0.0,0.00032835472881070514,0.8118772286466487,0.3869924786441139,0.6861517591068808
0.42971887550200805,1.0,0.0,0.0006099718900993563,0.6352517745859299,0.16577612905421502,0.5223057421162656
0.12048192771084339,0.0,0.0,0.008186846639118102,0.4581264371646614,0.019773338324881706,0.1446481786238491
0.09236947791164658,0.0,0.0,0.7670893946655959,0.5044489619088877,0.012660381853452751,0.08045523284259218
0.06224899598393573,0.0,0.0,0.9994818451494228,0.6387509581097741,0.007521355886056735,0.06407619089979096
0.5341365461847389,1.0,0.0,0.000508672616811534,0.7225647348951907,0.27587380458087996,0.6353355868878708
0.6546184738955823,1.0,0.0,0.00038426363718797364,0.8571999866697766,0.5461661504951842,0.75759462705155
0.3995983935742972,1.0,0.0,0.0007719470963897559,0.6690772153164262,0.15383044617636044,0.49211070586665484
0.893574297188755,1.0,0.0,6.0209593637058326e-05,0.7870496884060385,0.9056257019364939,0.99494062180314
0.05220883534136546,0.0,0.0,0.9649209166159307,0.6765754657246639,0.005853724942994187,0.04883689899034825
0.8493975903614457,1.0,0.0,1.80836042851406e-05,0.8390375579031555,0.8656025593029981,0.9605257305519725
0.45983935742971893,1.0,0.0,0.0006420456753500784,0.5657679874695902,0.1785386107613247,0.5546635235511275
0.5200803212851406,1.0,0.0,0.0006040649248027773,0.6927383610490883,0.2446993159309807,0.619879464484277
0.5763052208835341,1.0,0.0,0.000427529567211161,0.7800513213583495,0.3691250042541605,0.6783125027798782
0.3232931726907631,0.5999999999999999,0.0,0.0011881808878583364,0.4751224714233344,0.1277949834938572,0.4454421118178179
0.8514056224899598,1.0,0.0,2.7203129655297515e-05,0.8308727963475189,0.8673382568151653,0.9620268647422496
0.27510040160642574,0.3999999999999999,0.0,0.0009056310478386466,0.4926183890425566,0.11271823843719142,0.38578592714495397
0.12248995983935743,0.19999999999999996,0.0,0.006673316320582406,0.6204219015563033,0.020351904162270618,0.14845661166214472
0.26907630522088355,0.3999999999999999,0.0,0.0009009676541834527,0.50911453994068,0.1115611067624136,0.3790252635324467
0.25502008032128515,0.3999999999999999,0.0,0.0009607627239400495,0.5192788349385142,0.10710274648606344,0.36311324111550947
0.9538152610441767,1.0,0.0,3.4509113048434496e-05,0.7820508548005463,0.9595684579518768,0.8290374949962194
0.014056224899598391,0.0,0.0,0.6673964014145628,0.788549338487686,0.0013272980975393978,0.00978517101810257
0.6526104417670683,1.0,0.0,0.0003797556899879529,0.854200686506482,0.5415376237960725,0.7554819196726414
0.9277108433734939,1.0,0.0,0.00010964156638211325,0.795547705535375,0.9363577578872135,0.8119690432771427
0.12650602409638556,0.19999999999999996,0.0,0.0064411829475238686,0.6104242343453192,0.02120273627607805,0.1554341057688031
0.6004016064257028,1.0,0.0,0.00035301889969817477,0.8203752457759852,0.4224551611476022,0.7011631010096517
0.02610441767068273,0.0,0.0,0.7505084394471289,0.7653880761155727,0.0024503964877649054,0.01920895787928656
0.3112449799196787,0.5999999999999999,0.0,0.0010325271707449773,0.526110574199353,0.12381308920123901,0.43024173820219724
0.0783132530120482,0.0,0.0,0.949531717553791,0.5859299496784081,0.010141918796583216,0.06080149446248276
0.7590361445783131,1.0,0.0,0.0002415119758539839,0.88669310494218,0.775618554946738,0.8683449717564382
0.9377510040160641,1.0,0.0,7.321528038654347e-05,0.8003799113540171,0.9454446448626759,0.8186963483520883
0.8072289156626505,1.0,0.0,9.907120743034054e-05,0.8665311427333622,0.8278936800190588,0.9265556198016278
0.43172690763052207,1.0,0.0,0.0006308017150925554,0.6249208518012459,0.16655889459891782,0.5243628519325713
0.5582329317269076,1.0,0.0,0.0004026063188984027,0.7712200486553136,0.3286253956369327,0.6597429168705243
0.8694779116465863,1.0,0.0,1.4871044211562648e-05,0.8280401239710735,0.8834360004083992,0.9757594627051549
0.8614457831325301,1.0,0.0,1.8912652046064004e-05,0.8288732629053217,0.8758806112377906,0.9696993283814439
0.6746987951807227,1.0,0.0,0.0003342098786222262,0.8858599660079314,0.59228125106354,0.7783881154650181
0.4718875502008032,1.0,0.0,0.0006152570695752425,0.5386076582130834,0.18412006942790038,0.5676177556375929
0.4136546184738956,1.0,0.0,0.000708991282044639,0.6397507248308725,0.15941190484293655,0.5052928879597918
0.42369477911646586,1.0,0.0,0.0006535487130328899,0.6369180524544271,0.16335976585100243,0.516023217542143
0.5903614457831325,1.0,0.0,0.00030861302900371773,0.8202086179891359,0.40023142633495556,0.6917671129297692
0.9156626506024095,1.0,0.0,0.00010031477907172554,0.812543739794048,0.9256713065377942,0.8036294088867143
0.502008032128514,1.0,0.0,0.0005433889918001995,0.699903355883627,0.20501650614300804,0.600642707823689
0.9779116465863453,1.0,0.0,2.5337772193219908e-05,0.75455726997034,0.9807711942279549,0.8443268247120046
0.9738955823293173,1.0,0.0,2.6011373498970188e-05,0.7580564534941847,0.9772317326345163,0.841824934394876
0.6064257028112449,1.0,0.0,0.0003770094692798942,0.8282067517579228,0.43617057482217625,0.707223235333363
0.7008032128514056,1.0,0.0,0.00040913507001567406,0.8986903055953608,0.6526222645747541,0.8058533113908286
0.538152610441767,1.0,0.0,0.0004691892171975596,0.7285633352217813,0.2846884252799238,0.6395610016456879
0.40160642570281124,1.0,0.0,0.0007887353135484541,0.6604125704002399,0.15464724500561555,0.49211070586665484
0.321285140562249,0.5999999999999999,0.0,0.001207041724419343,0.4807878161762251,0.12714835108736366,0.4427623093003602
0.08433734939759037,0.0,0.0,0.8897366477971942,0.5494384643583161,0.011026784194942518,0.06623337632878175
0.43373493975903615,1.0,0.0,0.0006022513828257574,0.625753990735495,0.1673076268590683,0.5264755593114798
0.8032128514056225,1.0,0.0,7.622057851989063e-05,0.8865264771553303,0.8241500187183064,0.9232197660454565
0.3795180722891567,0.5999999999999999,0.0,0.0008072852571991139,0.4018062452094511,0.14685362284314074,0.5142440955388515
0.6184738955823292,1.0,0.0,0.0004255087632939104,0.8187089679074879,0.46349930231766656,0.7196214917937998
0.5180722891566265,1.0,0.0,0.0005207456248299804,0.7140667177658542,0.24027498893918242,0.6176555619801627
0.20883534136546184,0.19999999999999996,0.0,0.015971086959337803,0.10137634551937857,0.060409080080318756,0.2575445892452075
0.10441767068273093,0.0,0.0,0.48689197766752595,0.41563635151797884,0.015349011333083862,0.10520170795712316
0.7791164658634537,1.0,0.0,0.0005625089057864943,0.7918818942246806,0.7986590885886398,0.8939754481163545
0.0,0.0,0.0,0.5199813464253793,0.8138767620888459,0.0,0.0
0.8835341365461847,1.0,0.0,6.751557703019552e-05,0.7883827107008363,0.8960623489772996,0.9867121825379175
0.965863453815261,1.0,0.0,3.8913429278339775e-05,0.7672209817709201,0.9702549093012967,0.8368211537606192
0.0963855421686747,0.0,0.0,0.6876044405870695,0.47962142166827704,0.013613313820916684,0.08819997331316995
0.8393574297188755,1.0,0.0,3.642628599556967e-05,0.8445362748691969,0.8564476057584316,0.9530200596005871
0.15863453815261044,0.19999999999999996,0.0,0.016190784615982487,0.40097310627520244,0.029608957560494087,0.21039785615798604
0.4096385542168675,1.0,0.0,0.0007525162894931151,0.6450828140100642,0.15784637375353094,0.5009006805141663
0.06626506024096386,0.0,0.0,1.0,0.6185889959009563,0.008031855154341017,0.07087577280612017
0.5261044176706826,1.0,0.0,0.0005885202792854646,0.6987369613756789,0.25800633019092656,0.6266067695592225
0.8554216867469878,1.0,0.0,4.093423319559051e-05,0.8182090845469387,0.8707075519858423,0.9651403282480095
0.7329317269076305,1.0,0.0,0.000365817324507429,0.9668410704169026,0.7279379232889767,0.8413801538940533
0.18072289156626506,0.19999999999999996,0.0,0.009175486094019199,0.32998966907721505,0.04094204131640744,0.2659342614419784
0.678714859437751,1.0,0.0,0.0003579931862637149,0.8898590328923248,0.6015723377463158,0.7824467375350265
0.9477911646586344,1.0,0.0,3.974247703926318e-05,0.7872163161928882,0.9542932988462716,0.8252012631766223
0.10240963855421686,0.0,0.0,0.5427801598507714,0.43246575798980214,0.014906578633903766,0.10073722368011384
0.6907630522088353,1.0,0.0,0.0003646255683511017,0.907354950511547,0.629751897355614,0.7951229818084775
0.5281124497991967,1.0,0.0,0.0005729238182830939,0.7027360282600723,0.26246469046727716,0.6288306720633366
0.4819277108433735,1.0,0.0,0.0006970737204813657,0.49161862232145825,0.18854439641969867,0.5786260730329583
0.024096385542168672,0.0,0.0,0.7398862650102984,0.769720398573666,0.0022121634958991443,0.01746875416981719
0.6305220883534136,1.0,0.0,0.0004228143580709095,0.8247075682340785,0.4910662628050235,0.7324089311924565
0.1746987951807229,0.19999999999999996,0.0,0.010342370817518817,0.347652214483287,0.03794711227580594,0.25069496953253567
0.7751004016064256,1.0,0.0,0.0005738046815290751,0.7967141000433231,0.7939965286049757,0.8885824845438776
0.5461847389558232,1.0,0.0,0.0003970102465121702,0.7542240143966406,0.30214750025524983,0.6478450384735133
0.3313253012048193,0.5999999999999999,0.0,0.0010329935101104967,0.4757889825707333,0.13038151311983137,0.45584441578081214
0.6566265060240963,1.0,0.0,0.0003600139901809656,0.8658646315859628,0.5508287104788483,0.7597073344304586
0.9859437751004015,1.0,0.0,1.3264764174773618e-05,0.7485586696437498,0.9877820508457269,0.8493306053462616
0.26706827309236947,0.3999999999999999,0.0,0.0009159941448501884,0.5134468623987734,0.11111867406323395,0.37680692078459277
0.6124497991967871,1.0,0.0,0.0003926059302822648,0.8272069850368244,0.4498859884967499,0.7133389672196772
0.9618473895582329,1.0,0.0,4.119331062087898e-05,0.7705535375079147,0.9667835142769627,0.8342636658808879
0.6385542168674698,1.0,0.0,0.0003563350907418683,0.8500349918352383,0.5094782697478135,0.7408041631454877
0.4859437751004016,1.0,0.0,0.0006625127919478736,0.491785250108308,0.19055236020828392,0.5831294756037896
0.10642570281124498,0.0,0.0,0.42753215798541394,0.40097310627520244,0.015791444032263513,0.10979962638437932
0.7269076305220883,1.0,0.0,0.0004215707864295245,0.9445129469790383,0.7138481434843276,0.8348752390695191
0.09839357429718876,0.0,0.0,0.6431985698926125,0.46429166527810173,0.014055746520096779,0.09224747587065782
0.9136546184738956,1.0,0.0,0.00011611850201432704,0.8068783950411569,0.92383350917197,0.802239469821643
0.3473895582329317,0.5999999999999999,0.0,0.0009095690247030325,0.46145899290165593,0.13579280536364546,0.4755593114797847
0.891566265060241,1.0,0.0,6.953638094744604e-05,0.7852167827506911,0.9037198380015656,0.9933282924876574
0.37751004016064255,0.5999999999999999,0.0,0.0008093578766014223,0.40613856766754397,0.14617295715209488,0.5118534003469288
0.9939759036144579,1.0,0.0,1.5337383577082022e-05,0.7433932082514079,0.994758874178947,0.8543899835431215
0.3734939759036145,0.5999999999999999,0.0,0.0008031918338795549,0.41913553504182355,0.14481162577000317,0.5070720099630832
0.3373493975903615,0.5999999999999999,0.0,0.0009449071855123903,0.47845502716032895,0.13255964333117776,0.4632944891695948
0.11445783132530121,0.0,0.0,0.1541951112089848,0.3399873362881993,0.017833441105401082,0.129536761108393
0.09437751004016065,0.0,0.0,0.7289531976631216,0.49345152797680525,0.013136847837184717,0.08426922563714806
0.6887550200803212,1.0,0.0,0.00036535098514190963,0.9065218115772984,0.6251233706565023,0.793010274429569
0.46987951807228917,1.0,0.0,0.0006182623677085899,0.5504382310794145,0.18320117074498876,0.5654494506960815
0.504016064257028,1.0,0.0,0.0005332849722139461,0.7012363781784248,0.20937276656570125,0.6027554152025975
0.040160642570281124,0.0,0.0,0.8649170304545514,0.7190655513713464,0.0042201272844843984,0.03348085219943958
0.6265060240963854,1.0,0.0,0.0004059225099420962,0.8275402406105243,0.48180920940680005,0.7281279188720367
0.9196787148594376,1.0,0.0,0.00010632537533841985,0.8053787449595093,0.9292788347003369,0.8063536894542543
0.31927710843373497,0.5999999999999999,0.0,0.0011931551744238764,0.489952344452961,0.1264676853963178,0.4400825067829026
0.5522088353413654,1.0,0.0,0.0004010000388616137,0.7662212150498218,0.3153524146615392,0.6537939776720189
0.8875502008032128,1.0,0.0,8.176483542106556e-05,0.7863831772586396,0.8998740768471567,0.989992438731486
0.38152610441767065,0.5999999999999999,0.0,0.0007953676956358407,0.39947345619355445,0.1475342885341866,0.5166347907307743
0.7710843373493975,1.0,0.0,0.000505304610282783,0.8170426900389907,0.7892318687676547,0.8833563136592092
0.5863453815261044,1.0,0.0,0.00030856121351865995,0.8172093178258404,0.39141680563591175,0.6880420762353778
0.8273092369477911,1.0,0.0,5.9225099420961904e-05,0.854200686506482,0.8461355205390872,0.9435128763954987
0.6867469879518071,1.0,0.0,0.00038426363718797364,0.900356583463858,0.6204267773882859,0.7909531646132634
0.5140562248995983,1.0,0.0,0.0005236991074782697,0.7077348618655646,0.23146036824013905,0.6133745496597429
0.6164658634538152,1.0,0.0,0.0004018290866225371,0.8248741960209283,0.45897287547221177,0.7175087844148913
0.2971887550200803,0.3999999999999999,0.0,0.0010355842843633822,0.42796680774485907,0.1195589286322023,0.413240003558244
0.25903614457831325,0.3999999999999999,0.0,0.0009740274881148231,0.5184456960042656,0.10819181159173663,0.36772783881154647
0.3012048192771084,0.5999999999999999,0.0,0.0009854268948275191,0.565268104109041,0.12098832658339864,0.418049192723391
0.7188755020080321,1.0,0.0,0.0003691335155511224,0.9458459692738357,0.6949596705578056,0.8258684339278566
0.19678714859437751,0.19999999999999996,0.0,0.006701814837364147,0.2909987669543772,0.04928019603171885,0.30653716141084375
0.7449799196787148,1.0,0.0,0.0003458683627602108,0.989335821641617,0.7563897491746929,0.8543899835431215
0.17269076305220885,0.19999999999999996,0.0,0.010978146819176911,0.35281767587562896,0.03689208045468462,0.2456077925543744
0.9176706827309236,1.0,0.0,9.026257497052987e-05,0.8127103675808978,0.9274750706190655,0.804963750389183
0.6606425702811245,1.0,0.0,0.0003839009287925697,0.8616989369147197,0.5601878637307287,0.7639327491882756
0.42771084337349397,1.0,0.0,0.0006263973988626502,0.6364181690938779,0.16499336350951221,0.5201930347373571
0.9337349397590361,1.0,0.0,7.948495407852636e-05,0.7983803779118204,0.9417690501310281,0.8160276653471511
0.24096385542168675,0.19999999999999996,0.0,0.0010791611072969156,0.43796447495584356,0.10233808664874244,0.3467175199039274
1.0,1.0,0.0,4.507947200020623e-06,0.7382277468590659,1.0,0.8581150202375127
0.03815261044176707,0.0,0.0,0.8424291099395055,0.7253974072716365,0.003845761154408933,0.031212471645243073
0.37550200803212846,0.5999999999999999,0.0,0.0008185810329416947,0.40913786783083905,0.14549229146104903,0.509462705155006
0.14056224899598393,0.19999999999999996,0.0,0.0054737878414964315,0.5914286666444495,0.024844297723173092,0.17941333451941466
0.2108433734939759,0.19999999999999996,0.0,0.014863790043654545,0.09454460625853933,0.06265527686076977,0.26323221989947954
0.5401606425702811,1.0,0.0,0.000490848089951682,0.7233978738294398,0.2890787189871693,0.6416737090245964
0.6967871485943774,1.0,0.0,0.0003894970011788022,0.9016896057586563,0.6435013443147399,0.801516701507806
0.8714859437751004,1.0,0.0,4.9742865655401066e-06,0.8290398906921714,0.8853078310587756,0.977260596895432
0.2028112449799197,0.19999999999999996,0.0,0.018061841781416378,0.1370346919052221,0.05438518871456299,0.2408819997331317
