Id,MSSubClass,MSZoning,LotFrontage,LotArea,Street,Alley,LotShape,LandContour,Utilities,LotConfig,LandSlope,Neighborhood,Condition1,Condition2,BldgType,HouseStyle,OverallQual,OverallCond,YearBuilt,YearRemodAdd,RoofStyle,RoofMatl,Exterior2nd,MasVnrType,MasVnrArea,ExterQual,ExterCond,Foundation,BsmtQual,BsmtCond,BsmtExposure,BsmtFinType1,BsmtFinSF1,BsmtFinType2,BsmtFinSF2,BsmtUnfSF,TotalBsmtSF,Heating,HeatingQC,CentralAir,Electrical,1stFlrSF,2ndFlrSF,LowQualFinSF,GrLivArea,BsmtFullBath,BsmtHalfBath,FullBath,HalfBath,BedroomAbvGr,KitchenAbvGr,KitchenQual,TotRmsAbvGrd,Functional,Fireplaces,FireplaceQu,GarageType,GarageYrBlt,GarageFinish,GarageCars,GarageArea,GarageQual,GarageCond,PavedDrive,WoodDeckSF,OpenPorchSF,EnclosedPorch,3SsnPorch,ScreenPorch,PoolArea,PoolQC,Fence,MiscFeature,MiscVal,MoSold,YrSold,SaleType,SaleCondition
428,20,3,77.0,8593,1,0,0,3,0,4,0,11,2,2,0,2,4,6,1957,1957,3,0,7,1,0.0,3,3,1,3,3,3,4,288,5,0,619,907,0,0,1,4,907,0,0,907,0,0,1,0,3,1,3,5,5,0,2,5,1964.0,2,1,352,4,4,2,0,0,0,0,0,0,0,2,1,0,7,2008,7,4
322,60,3,99.0,12099,1,0,0,3,0,4,0,15,2,2,0,5,8,5,2004,2004,1,0,10,1,388.0,2,3,2,0,3,0,2,970,5,0,166,1136,0,0,1,4,1136,1332,0,2468,1,0,2,1,4,1,2,10,5,1,2,3,2004.0,0,3,872,4,4,2,184,154,0,0,0,0,0,2,1,0,6,2007,7,4
27,20,3,60.0,7200,1,0,3,3,0,0,0,11,2,2,0,2,5,7,1951,2000,1,0,11,1,0.0,3,3,1,3,3,2,1,234,4,486,180,900,0,4,1,4,900,0,0,900,0,1,1,0,3,1,2,5,5,0,2,5,2005.0,2,2,576,4,4,2,222,32,0,0,0,0,0,2,1,0,5,2010,7,4
229,20,3,70.0,8521,1,0,3,3,0,2,0,18,1,2,0,2,5,5,1967,1967,1,0,5,1,0.0,3,3,1,3,3,3,0,842,5,0,70,912,0,4,1,4,912,0,0,912,0,0,1,0,3,1,3,5,5,1,1,5,1974.0,2,1,336,4,4,2,0,0,0,0,0,0,0,2,1,0,5,2010,7,4
306,20,3,80.0,10386,1,0,3,3,0,4,0,4,2,2,0,2,8,5,2004,2005,1,0,4,2,246.0,2,3,2,2,3,3,2,1464,5,0,536,2000,0,0,1,4,2000,0,0,2000,1,0,2,0,3,1,2,8,5,0,2,1,2004.0,0,3,888,4,4,2,168,0,0,0,0,0,0,2,1,0,7,2007,7,4
241,20,1,75.0,9000,1,0,3,3,0,4,0,20,2,2,0,2,8,5,2008,2008,1,0,10,2,36.0,2,3,2,2,3,0,2,1078,5,0,488,1566,0,0,1,4,1566,0,0,1566,1,0,2,0,3,1,2,7,5,0,2,1,2008.0,1,2,750,4,4,2,144,168,0,0,0,0,0,2,1,0,4,2010,7,4
480,30,4,50.0,5925,1,0,3,0,0,4,0,16,2,2,0,2,4,7,1937,2000,3,0,9,0,435.0,3,3,0,1,3,3,4,168,5,0,739,907,0,4,1,4,1131,0,0,1131,0,0,1,0,2,1,3,7,5,0,2,5,1995.0,2,2,672,4,4,2,0,72,0,0,0,0,0,2,1,0,3,2007,7,2
45,20,3,70.0,7945,1,0,3,3,0,4,0,11,2,2,0,2,5,6,1959,1959,1,0,11,1,0.0,3,3,1,3,3,3,0,179,1,506,465,1150,0,0,1,0,1150,0,0,1150,1,0,1,0,3,1,3,6,5,0,2,1,1959.0,1,1,300,4,4,2,0,0,0,0,0,0,0,2,1,0,5,2006,7,4
467,20,3,85.0,10628,1,0,3,3,0,4,0,11,2,2,0,2,7,5,1970,1970,0,3,8,1,0.0,3,1,1,3,1,1,2,778,5,0,499,1277,0,4,1,4,1277,0,0,1277,1,0,1,0,2,1,3,5,5,1,3,1,1970.0,2,2,526,4,4,2,0,0,0,0,176,0,0,1,1,0,4,2007,7,4
446,20,3,73.0,9855,1,0,3,3,0,0,0,6,2,2,0,2,6,5,1956,1956,3,0,11,1,0.0,3,3,1,3,3,3,5,0,5,0,1436,1436,0,1,1,4,1689,0,0,1689,0,0,1,0,3,1,3,7,5,1,2,1,1956.0,2,2,480,4,4,2,0,0,0,0,0,0,0,2,1,0,11,2009,0,4
432,50,4,60.0,5586,1,0,0,0,0,4,0,16,1,2,0,0,6,7,1920,1998,1,0,7,1,0.0,3,3,0,3,3,3,5,0,5,0,901,901,0,2,1,4,1088,110,0,1198,0,0,1,0,4,1,3,7,5,0,2,1,2006.0,2,0,0,4,4,0,0,98,0,0,0,0,0,2,1,0,9,2008,3,0
297,50,4,75.0,13710,1,0,3,3,0,4,0,8,2,2,0,0,5,5,1950,1950,1,0,11,1,0.0,3,3,1,3,3,3,1,420,5,0,490,910,0,4,1,0,910,648,0,1558,0,0,1,1,4,1,3,6,5,0,2,1,1950.0,2,1,282,4,4,2,289,0,0,0,0,0,0,2,1,0,6,2007,7,4
225,20,3,103.0,13472,1,0,3,3,0,4,0,15,2,2,0,2,10,5,2003,2003,3,0,10,1,922.0,0,3,2,0,3,1,2,56,5,0,2336,2392,0,0,1,4,2392,0,0,2392,0,0,2,0,3,1,0,8,5,1,0,1,2003.0,0,3,968,4,4,2,248,105,0,0,0,0,0,2,1,0,6,2009,7,4
409,60,3,109.0,14154,1,0,3,3,0,0,0,15,2,2,0,5,7,5,2006,2006,1,0,10,1,350.0,2,3,2,0,1,3,5,0,5,0,1063,1063,0,0,1,4,1071,1101,0,2172,0,0,2,1,3,1,2,9,5,1,2,1,2006.0,1,3,947,4,4,2,192,62,0,0,0,0,0,2,1,0,8,2007,6,5
210,20,3,75.0,8250,1,0,3,3,0,4,0,11,2,2,0,2,6,7,1964,1964,3,0,5,2,260.0,3,3,1,2,3,3,4,787,5,0,305,1092,0,0,1,4,1092,0,0,1092,1,0,1,0,3,1,3,6,5,0,2,1,1964.0,1,2,504,4,2,2,0,0,0,0,0,0,0,2,1,0,7,2008,7,4
392,60,3,71.0,12209,1,0,0,3,0,1,0,10,2,2,0,5,6,5,2001,2002,1,0,10,1,0.0,3,3,2,0,3,3,0,690,5,0,114,804,0,0,1,4,804,1157,0,1961,1,0,2,1,3,1,2,7,5,1,4,3,2001.0,0,2,560,4,4,2,125,192,0,0,0,0,0,2,1,0,6,2009,7,4
326,45,4,50.0,5000,1,0,3,3,0,4,0,8,5,2,0,1,5,6,1941,1950,1,0,7,1,0.0,3,3,1,3,3,0,1,116,5,0,604,720,0,3,0,1,803,0,0,803,0,0,1,0,2,1,3,5,5,0,2,5,1941.0,2,2,360,4,4,2,0,0,244,0,0,0,0,2,1,0,12,2007,7,4
24,120,4,44.0,4224,1,0,3,3,0,4,0,9,2,2,4,2,5,7,1976,1976,1,0,4,1,0.0,3,3,2,2,3,3,2,840,5,0,200,1040,0,4,1,4,1060,0,0,1060,1,0,1,0,3,1,3,6,5,1,4,1,1976.0,2,2,572,4,4,2,100,110,0,0,0,0,0,2,1,0,6,2007,7,4
328,20,3,80.0,11600,1,0,3,3,0,4,0,11,2,2,0,2,6,5,1960,1960,3,0,11,1,175.0,3,3,1,3,3,3,4,565,5,0,818,1383,0,4,1,4,1383,0,0,1383,0,0,1,1,3,1,3,7,5,0,2,1,1960.0,1,1,292,4,4,2,0,45,0,0,0,0,0,2,1,0,4,2006,7,4
49,190,4,33.0,4456,1,0,3,3,0,4,0,16,2,2,1,5,4,5,1920,2008,1,0,7,1,0.0,3,3,0,3,3,3,5,0,5,0,736,736,0,2,1,4,736,716,0,1452,0,0,2,0,2,3,3,8,5,0,2,1,2006.0,2,0,0,4,4,0,0,0,102,0,0,0,0,2,1,0,6,2009,6,5
33,20,3,85.0,11049,1,0,3,3,0,0,0,4,2,2,0,2,8,5,2007,2007,1,0,10,1,0.0,2,3,2,0,3,0,5,0,5,0,1234,1234,0,0,1,4,1234,0,0,1234,0,0,2,0,3,1,2,7,5,0,2,1,2007.0,1,2,484,4,4,2,0,30,0,0,0,0,0,2,1,0,1,2008,7,4
118,20,3,74.0,8536,1,0,3,3,0,0,0,6,2,2,0,2,5,5,2006,2007,1,0,10,1,0.0,3,3,2,2,3,3,5,0,5,0,1125,1125,0,2,1,4,1125,0,0,1125,0,0,1,1,2,1,3,5,5,0,2,1,2007.0,2,2,430,4,4,2,80,64,0,0,0,0,0,2,1,0,4,2007,6,5
142,20,3,78.0,11645,1,0,3,3,0,4,0,4,2,2,0,2,7,5,2005,2005,1,0,10,1,0.0,2,3,2,2,3,0,2,1300,5,0,434,1734,0,0,1,4,1734,0,0,1734,1,0,2,0,3,1,2,7,5,0,2,1,2005.0,0,2,660,4,4,2,160,24,0,0,0,0,0,2,1,0,1,2006,7,4
427,80,3,70.0,12800,1,0,3,2,0,4,1,19,2,2,0,7,7,5,1989,1989,1,0,11,1,145.0,2,3,2,2,3,1,2,1518,5,0,0,1518,0,2,1,4,1644,0,0,1644,1,1,2,0,2,1,2,5,5,1,4,1,1989.0,0,2,569,4,4,2,80,0,0,0,396,0,0,2,1,0,8,2009,7,4
473,180,4,35.0,3675,1,0,3,3,0,4,0,6,2,2,4,7,6,5,2005,2005,1,0,10,1,80.0,3,3,2,2,3,1,2,459,5,0,88,547,0,0,1,4,1072,0,0,1072,1,0,1,0,2,1,3,5,5,0,2,2,2005.0,1,2,525,4,4,2,0,28,0,0,0,0,0,2,1,0,6,2008,7,4
136,20,3,80.0,10400,1,0,3,3,0,4,0,13,2,2,0,2,7,6,1970,1970,3,0,8,1,288.0,3,3,2,3,3,3,5,0,5,0,1304,1304,0,2,1,4,1682,0,0,1682,0,0,2,0,3,1,3,7,5,1,2,1,1970.0,2,2,530,4,4,2,98,0,0,0,0,0,0,2,1,0,5,2008,7,4
60,20,3,60.0,7200,1,0,3,0,0,4,0,4,2,2,0,2,5,7,1972,1972,1,0,5,1,0.0,3,3,1,3,3,0,0,632,5,0,148,780,0,0,1,4,780,0,0,780,0,0,1,0,2,1,3,4,5,0,2,5,1973.0,2,1,352,4,4,2,196,0,0,0,0,0,0,2,1,0,1,2008,7,4
188,50,3,60.0,10410,1,0,3,3,0,4,0,16,2,2,0,0,5,7,1916,1987,1,0,5,1,0.0,3,3,1,1,3,3,5,0,5,0,660,660,0,0,1,4,808,704,144,1656,0,0,2,1,3,1,3,8,3,0,2,5,1916.0,2,1,180,1,1,0,0,0,0,140,0,0,0,2,1,0,8,2009,7,4
325,80,3,96.0,11275,1,0,3,3,0,0,0,11,4,2,0,7,7,7,1967,2007,4,4,11,1,300.0,2,1,1,2,3,3,5,0,5,0,710,710,0,0,1,4,1898,1080,0,2978,0,0,2,1,5,1,2,11,5,1,2,3,1961.0,0,2,564,4,4,2,240,0,0,0,0,0,0,2,1,0,6,2010,7,4
422,20,3,70.0,16635,1,0,0,3,0,2,0,13,2,2,0,2,6,7,1977,2000,1,0,4,2,126.0,2,3,1,2,3,3,0,1246,5,0,356,1602,0,2,1,4,1602,0,0,1602,0,1,2,0,3,1,2,8,5,1,4,1,1977.0,0,2,529,4,4,2,240,0,0,0,0,0,0,2,1,0,6,2009,7,4
26,20,3,110.0,14230,1,0,3,3,0,0,0,15,2,2,0,2,8,5,2007,2007,1,0,10,2,640.0,2,3,2,2,3,3,5,0,5,0,1566,1566,0,0,1,4,1600,0,0,1600,0,0,2,0,3,1,2,7,5,1,2,1,2007.0,1,3,890,4,4,2,0,56,0,0,0,0,0,2,1,0,7,2009,7,4
19,20,3,66.0,13695,1,0,3,3,0,4,0,19,5,2,0,2,5,5,2004,2004,1,0,10,1,0.0,3,3,2,3,3,3,2,646,5,0,468,1114,0,0,1,4,1114,0,0,1114,1,0,1,1,3,1,2,6,5,0,2,5,2004.0,2,2,576,4,4,2,0,102,0,0,0,0,0,2,1,0,6,2008,7,4
338,20,3,70.0,9135,1,0,3,3,0,4,0,4,2,2,0,2,7,5,2002,2003,1,0,10,1,113.0,2,3,2,2,3,0,2,810,5,0,726,1536,0,0,1,4,1536,0,0,1536,1,0,2,0,3,1,2,7,5,0,2,1,2002.0,1,2,532,4,4,2,192,74,0,0,0,0,0,2,1,0,12,2008,7,4
69,30,4,47.0,4608,1,0,3,3,0,0,0,16,0,2,0,2,4,6,1945,1950,1,0,7,1,0.0,3,1,1,3,3,3,5,0,5,0,747,747,0,4,1,4,747,0,0,747,0,0,1,0,2,1,3,4,5,0,2,1,1945.0,2,1,220,4,4,2,0,0,0,0,0,0,0,2,1,0,6,2010,7,4
217,20,3,65.0,8450,1,0,3,3,0,4,0,4,2,2,0,2,7,5,2004,2004,1,0,10,1,266.0,2,3,2,2,3,2,2,946,5,0,490,1436,0,0,1,4,1436,0,0,1436,1,0,2,0,3,1,2,8,5,0,2,1,2004.0,2,2,484,4,4,2,139,98,0,0,0,0,0,2,1,0,4,2008,7,4
145,90,4,70.0,9100,1,0,3,3,0,4,0,18,5,2,2,2,5,5,1963,1963,1,0,5,1,336.0,3,3,1,3,3,3,4,1332,5,0,396,1728,0,4,1,4,1728,0,0,1728,1,0,2,0,6,2,3,10,5,0,2,5,1963.0,2,2,504,4,4,2,0,0,0,0,0,0,0,2,1,0,11,2006,4,0
98,20,3,73.0,10921,1,0,3,1,0,4,0,6,2,2,0,2,4,5,1965,1965,3,0,5,1,48.0,3,3,1,3,3,3,4,520,5,0,440,960,0,4,1,1,960,0,0,960,1,0,1,0,3,1,3,6,5,0,2,1,1965.0,0,1,432,4,4,1,120,0,0,0,0,0,0,2,1,0,5,2007,7,4
236,160,4,21.0,1680,1,0,3,3,0,4,0,1,2,2,4,5,6,3,1971,1971,1,0,5,1,604.0,3,3,1,3,3,3,0,358,5,0,125,483,0,4,1,4,483,504,0,987,0,0,1,1,2,1,3,5,5,0,2,5,1971.0,2,1,264,4,4,2,0,0,0,0,0,0,0,2,1,0,8,2008,7,4
255,20,3,70.0,8400,1,0,3,3,0,4,0,11,2,2,0,2,5,6,1957,1957,1,0,7,1,0.0,3,1,1,3,3,3,4,922,5,0,392,1314,0,4,1,4,1314,0,0,1314,1,0,1,0,3,1,3,5,5,0,2,1,1957.0,1,1,294,4,4,2,250,0,0,0,0,0,0,2,1,0,6,2010,7,4
25,20,3,70.0,8246,1,0,0,3,0,4,0,18,2,2,0,2,5,8,1968,2001,1,0,8,1,0.0,3,1,1,3,3,2,4,188,0,668,204,1060,0,0,1,4,1060,0,0,1060,1,0,1,0,3,1,2,6,5,1,4,1,1968.0,2,1,270,4,4,2,406,90,0,0,0,0,0,2,1,0,5,2010,7,4
216,20,3,72.0,10011,1,0,0,3,0,4,0,11,2,2,0,2,5,6,1957,1996,1,0,5,1,64.0,3,3,1,3,3,3,1,360,5,0,710,1070,0,4,1,4,1236,0,0,1236,0,1,1,0,2,1,2,6,2,1,1,1,1957.0,2,1,447,4,4,2,0,0,0,0,0,0,0,2,1,0,5,2006,7,4
263,80,3,88.0,8471,1,0,0,3,0,0,0,18,2,2,0,7,6,7,1977,1995,1,0,8,1,46.0,3,3,1,2,1,0,0,506,5,0,0,506,0,4,1,4,1212,0,0,1212,1,0,1,0,3,1,3,6,5,1,4,1,1978.0,2,2,492,4,4,2,292,12,0,0,0,0,0,1,1,0,7,2006,7,4
494,20,3,70.0,7931,1,0,3,3,0,4,0,11,2,2,0,2,5,6,1960,1960,1,0,11,1,0.0,3,3,1,3,3,3,1,374,3,532,363,1269,0,4,1,0,1269,0,0,1269,0,0,1,1,3,1,3,6,5,1,1,5,1964.0,2,1,308,4,4,2,0,0,0,0,0,0,0,2,1,0,6,2008,7,4
6,50,3,85.0,14115,1,0,0,3,0,4,0,10,2,2,0,0,5,5,1993,1995,1,0,10,1,0.0,3,3,4,2,3,3,2,732,5,0,64,796,0,0,1,4,796,566,0,1362,1,0,1,1,1,1,3,5,5,0,2,1,1993.0,2,2,480,4,4,2,40,30,0,320,0,0,0,2,1,700,10,2009,7,4
121,80,3,70.0,21453,1,0,0,2,0,1,2,3,2,2,0,7,6,5,1969,1969,0,2,8,1,0.0,3,3,1,3,3,1,0,938,5,0,0,938,0,0,1,4,988,0,0,988,1,0,1,0,1,1,3,4,5,2,4,1,1969.0,2,2,540,4,4,2,0,130,0,130,0,0,0,2,1,0,10,2006,7,4
48,20,1,84.0,11096,1,0,3,3,0,4,0,20,2,2,0,2,8,5,2006,2006,1,0,10,1,0.0,2,3,2,2,3,0,2,24,5,0,1632,1656,0,0,1,4,1656,0,0,1656,0,0,2,0,3,1,2,7,5,0,2,1,2006.0,1,3,826,4,4,2,0,146,0,0,0,0,0,2,1,0,7,2007,7,4
17,20,3,70.0,11241,1,0,0,3,0,1,0,11,2,2,0,2,6,7,1970,1970,1,0,11,1,180.0,3,3,1,3,3,3,0,578,5,0,426,1004,0,0,1,4,1004,0,0,1004,1,0,1,0,2,1,3,5,5,1,4,1,1970.0,0,2,480,4,4,2,0,0,0,0,0,0,0,2,1,700,3,2010,7,4
464,70,3,74.0,11988,1,0,0,1,0,4,1,5,2,2,0,5,6,7,1934,1995,3,0,9,1,0.0,3,3,1,3,3,3,3,326,5,0,389,715,0,1,1,0,849,811,0,1660,0,0,1,1,3,1,3,6,5,1,2,5,1939.0,2,1,240,4,4,2,0,0,0,0,0,0,0,2,1,0,8,2008,7,4
359,80,3,92.0,6930,1,0,0,3,0,4,0,3,2,2,0,7,5,4,1958,1958,3,0,6,1,120.0,3,3,1,3,3,0,1,300,4,294,468,1062,0,0,1,1,1352,0,0,1352,0,1,1,0,3,1,2,6,3,0,2,3,1958.0,2,1,288,4,4,2,168,0,294,0,0,0,0,2,1,0,7,2006,7,0
4,70,3,60.0,9550,1,0,0,3,0,0,0,5,2,2,0,5,7,5,1915,1970,1,0,12,1,0.0,3,3,0,3,1,3,0,216,5,0,540,756,0,2,1,4,961,756,0,1717,1,0,1,0,3,1,2,7,5,1,2,5,1998.0,2,3,642,4,4,2,0,35,272,0,0,0,0,2,1,0,2,2006,7,0
430,20,3,130.0,11457,1,0,0,3,0,0,0,22,2,2,0,2,6,5,1988,1988,1,0,5,1,0.0,3,3,1,2,3,2,2,1005,5,0,387,1392,0,4,1,4,1412,0,0,1412,1,0,2,0,3,1,2,6,5,1,4,1,1988.0,2,2,576,4,4,2,0,0,169,0,0,0,0,2,1,0,3,2009,7,4
179,20,3,63.0,17423,1,0,0,3,0,1,0,21,2,2,0,2,9,5,2008,2009,3,0,10,2,748.0,0,3,2,0,3,3,2,1904,5,0,312,2216,0,0,1,4,2234,0,0,2234,1,0,2,0,1,1,0,9,5,1,2,1,2009.0,0,3,1166,4,4,2,0,60,0,0,0,0,0,2,1,0,7,2009,6,5
63,120,3,44.0,6442,1,0,0,3,0,4,0,15,2,2,4,2,8,5,2006,2006,1,0,10,2,178.0,2,3,2,2,1,2,2,24,5,0,1346,1370,0,0,1,4,1370,0,0,1370,0,0,2,0,2,1,2,6,5,1,2,1,2006.0,1,2,484,4,4,2,120,49,0,0,0,0,0,2,1,0,10,2007,7,4
115,70,3,61.0,7259,1,0,0,3,0,4,1,5,2,2,0,5,6,8,1945,2002,2,0,11,1,0.0,3,3,1,3,3,3,0,774,3,150,104,1028,0,0,1,4,1436,884,0,2320,1,0,2,1,3,1,2,9,5,1,4,5,1945.0,2,1,180,4,4,2,224,0,0,0,0,0,0,2,1,0,7,2007,7,4
320,80,3,70.0,14115,1,0,3,3,0,4,0,13,2,2,0,7,7,5,1980,1980,1,0,8,1,225.0,3,3,1,2,3,0,2,1036,5,0,336,1372,0,4,1,4,1472,0,0,1472,1,0,2,0,3,1,3,6,5,2,4,1,1980.0,2,2,588,4,4,2,233,48,0,0,0,0,0,2,1,0,6,2009,7,4
478,60,3,105.0,13693,1,0,3,3,0,4,0,15,2,2,0,5,9,5,2006,2006,3,0,10,1,772.0,0,3,2,2,3,0,5,0,5,0,2153,2153,0,0,1,4,2069,574,0,2643,0,0,2,1,3,1,0,9,5,1,2,3,2006.0,0,3,694,4,4,2,414,84,0,0,0,0,0,2,1,0,3,2007,7,4
31,70,0,50.0,8500,1,1,3,3,0,4,0,8,1,2,0,5,4,4,1920,1950,2,0,3,1,0.0,3,0,0,3,3,3,5,0,5,0,649,649,0,4,0,4,649,668,0,1317,0,0,1,0,3,1,3,6,5,0,2,5,1920.0,2,1,250,4,1,0,0,54,172,0,0,0,0,2,1,0,7,2008,7,4
457,70,4,34.0,4571,1,0,3,3,0,4,0,16,2,2,0,5,5,5,1916,1950,1,0,0,1,0.0,3,3,0,3,3,3,5,0,5,0,624,624,0,1,0,4,624,720,0,1344,0,0,1,0,4,1,3,7,5,0,2,5,1916.0,2,3,513,1,1,2,0,0,96,0,0,0,0,2,1,0,5,2008,0,0
187,80,3,70.0,9947,1,0,0,3,0,1,0,10,2,2,0,7,7,5,1990,1991,1,0,5,1,0.0,3,3,2,2,3,0,2,611,5,0,577,1188,0,0,1,4,1217,0,0,1217,1,0,2,0,3,1,2,6,5,0,2,1,1990.0,2,2,497,4,4,2,168,27,0,0,0,0,0,0,1,0,6,2009,7,4
28,20,3,98.0,11478,1,0,3,3,0,4,0,15,2,2,0,2,8,5,2007,2008,1,0,10,2,200.0,2,3,2,0,3,3,2,1218,5,0,486,1704,0,0,1,4,1704,0,0,1704,1,0,2,0,3,1,2,7,5,1,2,1,2008.0,1,3,772,4,4,2,0,50,0,0,0,0,0,2,1,0,5,2010,7,4
8,60,3,70.0,10382,1,0,0,3,0,0,0,13,4,2,0,5,7,6,1973,1973,1,0,5,2,240.0,3,3,1,2,3,2,0,859,1,32,216,1107,0,0,1,4,1107,983,0,2090,1,0,2,1,3,1,3,7,5,2,4,1,1973.0,1,2,484,4,4,2,235,204,228,0,0,0,0,2,1,350,11,2009,7,4
472,60,3,92.0,11952,1,0,3,3,0,4,0,13,3,2,0,5,7,6,1977,1977,4,4,8,1,0.0,3,3,1,2,3,3,5,0,5,0,808,808,0,4,1,4,1161,808,0,1969,0,0,2,1,3,1,3,8,5,1,2,1,1977.0,1,2,534,4,4,2,0,0,0,0,276,0,0,2,1,0,11,2007,7,4
113,60,3,77.0,9965,1,0,3,3,0,4,0,4,2,2,0,5,7,5,2007,2007,1,0,10,2,220.0,2,3,2,0,3,0,2,984,5,0,280,1264,0,0,1,4,1282,1414,0,2696,1,0,2,1,4,1,0,10,5,1,2,3,2007.0,0,3,792,4,4,2,120,184,0,0,168,0,0,2,1,0,10,2007,6,5
39,20,3,68.0,7922,1,0,3,3,0,4,0,11,2,2,0,2,5,7,1953,2007,1,0,10,1,0.0,3,1,1,3,3,3,2,731,5,0,326,1057,0,4,1,4,1057,0,0,1057,1,0,1,0,3,1,2,5,5,0,2,5,1953.0,2,1,246,4,4,2,0,52,0,0,0,0,0,2,1,0,1,2010,7,0
163,20,3,95.0,12182,1,0,3,3,0,0,0,15,2,2,0,2,7,5,2005,2005,1,0,10,1,226.0,2,3,2,2,3,2,1,1201,5,0,340,1541,0,0,1,4,1541,0,0,1541,0,0,2,0,3,1,2,7,5,1,2,1,2005.0,1,2,532,4,4,2,0,70,0,0,0,0,0,2,1,0,5,2010,6,5
468,70,3,79.0,9480,1,0,3,3,0,4,0,11,0,2,0,5,5,7,1942,1995,1,0,7,2,224.0,3,3,1,3,3,3,3,386,5,0,342,728,0,0,1,4,888,756,0,1644,0,0,1,1,3,1,2,7,5,2,2,1,1942.0,2,1,312,4,4,2,168,0,0,0,0,0,0,2,1,0,6,2007,7,4
123,20,3,75.0,9464,1,0,3,3,0,0,0,11,2,2,0,2,6,7,1958,1958,3,0,7,1,135.0,3,1,1,3,3,3,1,570,5,0,510,1080,0,2,1,4,1080,0,0,1080,0,0,1,0,3,1,3,5,5,0,2,1,1958.0,2,1,288,4,4,2,0,0,0,0,130,0,0,2,1,0,6,2008,7,4
119,60,3,90.0,12376,1,0,3,3,0,0,0,19,2,2,0,5,7,5,1990,1990,3,0,8,1,0.0,3,3,2,2,3,2,2,1470,5,0,203,1673,0,2,1,4,1699,1523,0,3222,1,0,3,0,5,1,2,11,5,2,4,1,1990.0,2,3,594,4,4,2,367,0,0,0,0,0,0,2,1,0,5,2010,7,4
182,70,3,54.0,7588,1,0,3,3,0,4,0,5,2,2,0,5,7,6,1920,1950,1,0,9,1,0.0,3,3,0,1,3,3,3,352,5,0,441,793,0,2,1,4,901,901,0,1802,0,0,1,1,4,1,3,9,5,1,2,5,1920.0,2,1,216,1,4,2,0,0,40,0,0,0,0,2,1,0,7,2006,7,4
410,60,1,85.0,10800,1,0,3,3,0,4,0,20,2,2,0,5,8,5,2007,2008,1,0,10,2,100.0,2,3,2,0,3,3,2,789,5,0,245,1034,0,0,1,4,1050,1028,0,2078,1,0,2,1,3,1,0,8,5,1,2,1,2008.0,0,3,836,4,4,2,0,102,0,0,0,0,0,2,1,0,4,2008,6,5
149,20,3,63.0,7500,1,0,3,3,0,4,0,19,2,2,0,2,7,5,2004,2005,1,0,10,1,120.0,3,3,2,2,3,3,2,680,5,0,400,1080,0,0,1,4,1080,0,0,1080,1,0,1,0,3,1,2,6,5,0,2,1,2006.0,2,0,0,4,4,2,0,0,0,0,0,0,0,2,1,0,4,2008,7,4
373,120,3,50.0,7175,1,0,3,3,0,4,0,19,2,2,4,2,6,5,1984,1984,1,0,8,1,0.0,3,3,1,2,3,3,0,623,3,121,0,744,0,4,1,4,752,0,0,752,1,0,1,0,2,1,3,4,5,0,2,1,1984.0,2,1,264,4,4,2,353,0,0,0,90,0,0,2,1,0,2,2010,7,4
383,60,3,79.0,9245,1,0,0,3,0,4,0,4,2,2,0,5,7,5,2006,2006,1,0,10,1,0.0,2,3,2,2,3,0,5,0,5,0,939,939,0,0,1,4,939,858,0,1797,0,0,2,1,3,1,2,8,5,0,2,1,2006.0,1,2,639,4,4,2,144,53,0,0,0,0,0,2,1,0,4,2007,7,4
235,60,3,70.0,7851,1,0,3,3,0,4,0,7,2,2,0,5,6,5,2002,2002,1,0,10,1,112.73547094188376,2,3,2,2,3,3,2,625,5,0,235,860,0,0,1,4,860,1100,0,1960,1,0,2,1,4,1,2,8,5,2,4,3,2002.0,0,2,440,4,4,2,288,48,0,0,0,0,0,2,1,0,5,2010,7,4
273,60,3,92.0,11764,1,0,0,3,0,1,0,14,2,2,0,5,8,7,1999,2007,1,0,10,1,348.0,2,3,2,2,3,3,2,524,5,0,628,1152,0,0,1,4,1164,1106,0,2270,0,0,2,1,4,1,2,9,5,1,2,1,1999.0,0,3,671,4,4,2,132,57,0,0,0,0,0,2,1,0,4,2010,7,4
211,30,3,67.0,5604,1,0,3,3,0,4,0,6,2,2,0,2,5,6,1925,1950,1,0,9,1,0.0,3,3,1,3,3,3,4,468,5,0,396,864,0,4,0,0,864,0,0,864,1,0,1,0,2,1,3,5,5,0,2,1,2006.0,2,0,0,4,4,2,0,0,96,0,0,0,0,2,1,0,4,2008,7,4
499,20,3,65.0,7800,1,0,3,3,0,4,0,18,2,2,0,2,5,7,1967,2004,3,0,5,1,89.0,3,3,2,3,3,3,0,450,5,0,414,864,0,0,1,4,899,0,0,899,0,0,1,0,3,1,2,5,5,0,2,1,1967.0,0,1,288,4,4,2,64,0,0,0,0,0,0,2,1,0,6,2009,7,4
146,160,4,24.0,2522,1,0,3,3,0,4,0,6,2,2,3,5,6,5,2004,2006,1,0,10,2,50.0,2,3,2,2,3,3,5,0,5,0,970,970,0,0,1,4,970,739,0,1709,0,0,2,0,3,1,2,7,0,0,2,5,2004.0,2,2,380,4,4,2,0,40,0,0,0,0,0,2,1,0,4,2006,7,4
368,80,3,101.0,9150,1,0,0,3,0,0,0,11,2,2,0,7,6,5,1962,1962,1,3,8,1,305.0,3,3,1,2,3,1,2,371,5,0,728,1099,0,2,1,4,1431,0,0,1431,0,1,1,0,3,1,3,6,5,1,2,2,1962.0,1,1,296,4,4,2,64,110,0,0,0,0,0,2,1,0,12,2008,7,4
70,50,3,81.0,15593,1,0,3,3,0,0,0,3,2,2,0,0,7,4,1953,1953,1,0,0,1,0.0,2,3,1,3,3,3,1,603,5,0,701,1304,1,4,1,4,1304,983,0,2287,0,0,2,0,3,1,3,7,5,1,4,1,1953.0,0,2,667,4,4,2,0,21,114,0,0,0,0,2,1,0,7,2006,7,4
344,120,3,63.0,8849,1,0,0,3,0,4,0,15,2,2,4,2,9,5,2005,2005,3,0,7,1,616.0,0,3,2,0,3,3,2,28,5,0,1656,1684,0,0,1,4,1684,0,0,1684,0,0,2,0,2,1,0,6,5,1,0,1,2005.0,1,2,564,4,4,2,495,72,0,0,0,0,0,2,1,0,7,2008,7,4
174,20,3,80.0,10197,1,0,0,3,0,4,0,11,2,2,0,2,6,5,1961,1961,1,0,12,0,491.0,3,3,1,3,3,3,0,288,4,374,700,1362,0,4,1,4,1362,0,0,1362,1,0,1,1,3,1,3,6,5,1,4,1,1961.0,2,2,504,4,4,2,0,20,0,0,0,0,0,2,1,0,6,2008,0,4
379,20,3,88.0,11394,1,0,3,3,0,0,0,21,2,2,0,2,9,2,2010,2010,3,0,10,2,350.0,2,3,2,0,3,0,2,1445,5,0,411,1856,0,0,1,4,1856,0,0,1856,1,0,1,1,1,1,0,8,5,1,0,1,2010.0,0,3,834,4,4,2,113,0,0,0,0,0,0,2,1,0,6,2010,6,5
438,45,4,50.0,6000,1,0,3,3,0,4,0,2,2,2,0,1,6,7,1926,2004,1,0,11,1,0.0,2,3,2,3,3,3,5,0,5,0,884,884,0,2,1,4,904,0,0,904,0,0,1,0,2,1,3,4,5,0,2,5,1926.0,2,1,180,4,4,2,0,0,105,0,0,0,0,2,1,0,1,2009,7,4
406,20,3,70.0,9991,1,0,0,3,0,0,0,18,1,2,0,2,4,4,1976,1993,1,0,8,1,0.0,3,3,1,3,3,3,1,1116,5,0,165,1281,0,0,1,4,1620,0,0,1620,1,0,2,0,3,1,3,8,2,1,4,1,1993.0,2,2,490,4,4,2,120,78,0,0,0,0,0,1,1,0,6,2009,7,4
114,20,3,70.0,21000,1,0,3,0,0,0,0,5,2,2,0,2,6,5,1953,1953,3,0,11,1,184.0,3,1,1,2,3,2,0,35,4,869,905,1809,0,4,1,4,2259,0,0,2259,1,0,2,0,3,1,2,7,5,2,2,2,1953.0,2,2,450,4,4,2,166,120,192,0,0,0,0,2,1,0,10,2007,0,0
466,120,4,70.0,3072,1,0,3,3,0,4,0,0,2,2,4,2,7,5,2004,2004,3,0,10,1,18.0,2,3,2,2,3,3,5,0,5,0,1375,1375,0,0,1,4,1414,0,0,1414,0,0,2,0,2,1,2,6,5,1,4,1,2004.0,0,2,398,4,4,2,144,20,0,0,0,0,0,2,1,0,5,2006,7,4
150,50,4,70.0,6240,1,0,3,3,0,4,0,2,2,2,0,0,5,4,1936,1950,1,0,7,1,0.0,3,3,0,2,3,3,5,0,5,0,896,896,0,2,1,0,896,448,0,1344,0,0,1,0,3,1,3,7,5,0,2,5,1936.0,2,1,240,1,4,2,200,114,0,0,0,0,0,2,1,0,4,2006,7,4
397,20,3,60.0,7200,1,0,3,2,0,4,0,4,2,2,0,2,5,5,1972,1972,3,0,7,1,0.0,3,3,1,3,3,0,4,777,5,0,117,894,0,4,1,4,894,0,0,894,0,0,1,0,2,1,3,6,5,0,2,5,1985.0,1,2,600,4,4,2,215,0,0,0,0,0,0,2,1,0,9,2009,7,4
158,60,3,92.0,12003,1,0,3,3,0,0,0,22,2,2,0,5,8,5,2009,2010,1,0,10,1,84.0,2,3,2,0,3,3,5,0,5,0,774,774,0,0,1,4,774,1194,0,1968,0,0,2,1,4,1,0,8,5,1,2,3,2009.0,0,3,680,4,4,2,0,75,0,0,0,0,0,2,1,0,5,2010,6,5
350,60,3,56.0,20431,1,0,1,3,0,4,0,15,2,2,0,5,9,5,2005,2006,3,0,4,1,870.0,0,3,2,0,3,3,2,1410,5,0,438,1848,0,0,1,4,1848,880,0,2728,1,0,2,1,4,1,0,10,5,2,0,1,2006.0,0,3,706,4,4,2,0,0,0,0,0,0,0,2,1,0,4,2006,6,5
413,20,1,70.0,4403,1,0,1,3,0,4,0,20,2,2,0,2,7,5,2009,2009,1,0,7,2,432.0,0,3,2,0,3,0,2,578,5,0,892,1470,0,0,1,4,1478,0,0,1478,1,0,2,1,2,1,2,7,5,1,2,1,2009.0,0,2,484,4,4,2,0,144,0,0,0,0,0,2,1,0,6,2010,6,5
86,60,3,121.0,16059,1,0,3,3,0,0,0,14,2,2,0,5,8,5,1991,1992,3,0,5,1,284.0,2,3,1,2,3,3,5,0,5,0,1288,1288,0,0,1,4,1301,1116,0,2417,0,0,2,1,4,1,2,9,5,1,4,1,1991.0,2,2,462,4,4,2,127,82,0,0,0,0,0,2,1,0,4,2006,7,4
245,60,3,70.0,8880,1,0,0,3,0,4,0,19,2,2,0,5,7,5,1994,2002,1,0,10,1,0.0,2,3,2,2,3,3,2,695,5,0,253,948,0,0,1,4,1222,888,0,2110,1,0,2,1,3,1,2,8,5,2,1,1,1994.0,1,2,463,4,4,2,0,130,0,0,0,0,0,2,1,0,5,2010,7,4
171,50,4,70.0,12358,1,0,0,3,0,4,0,16,1,2,0,0,5,6,1941,1950,1,0,7,1,0.0,3,3,1,3,3,3,4,360,5,0,360,720,0,4,1,4,854,0,528,1382,0,0,1,1,2,1,3,7,5,0,2,5,1991.0,2,2,660,4,4,2,237,0,0,0,0,0,0,2,1,0,5,2007,7,4
254,80,3,85.0,9350,1,0,3,3,0,4,0,11,2,2,0,7,6,7,1964,1991,3,0,5,1,108.0,3,3,1,2,3,1,3,270,0,580,452,1302,0,0,1,4,1302,0,0,1302,0,1,2,0,3,1,2,7,2,0,2,1,1964.0,1,1,309,4,4,2,333,0,0,0,0,0,0,2,1,0,10,2007,1,4
365,60,3,70.0,18800,1,0,0,3,0,2,0,13,2,2,0,5,6,5,1976,1976,1,0,5,1,120.0,3,3,2,2,3,2,2,712,5,0,84,796,0,4,1,4,790,784,0,1574,1,0,2,1,3,1,3,6,5,1,4,1,1976.0,0,2,566,4,4,2,306,111,0,0,0,0,0,2,1,0,7,2006,7,4
77,20,3,70.0,8475,1,0,0,3,0,4,0,11,2,2,0,2,4,7,1956,1956,1,0,10,1,0.0,3,3,1,3,3,3,0,228,5,0,724,952,0,0,1,0,952,0,0,952,0,0,1,0,2,1,3,4,5,0,2,5,1956.0,2,1,283,4,4,2,0,0,0,0,0,0,0,2,1,0,4,2008,7,4
310,20,3,90.0,12378,1,0,0,3,0,4,0,15,2,2,0,2,9,5,2003,2004,1,0,10,1,0.0,2,3,2,0,3,1,2,1274,5,0,622,1896,0,0,1,4,1944,0,0,1944,1,0,2,0,3,1,0,8,5,3,0,1,2003.0,0,3,708,4,4,2,208,175,0,0,0,0,0,2,1,0,11,2006,7,4
418,70,3,86.0,22420,1,0,0,3,0,4,0,5,1,2,0,5,6,6,1918,1950,3,0,9,1,0.0,3,3,0,2,3,3,1,1128,5,0,242,1370,1,4,0,0,1370,1254,0,2624,1,0,2,1,4,1,3,10,5,1,2,5,1918.0,2,3,864,4,4,0,0,0,0,0,0,0,0,2,1,0,11,2007,7,4
244,160,3,75.0,10762,1,0,3,3,0,0,0,19,2,2,4,5,6,6,1980,1980,1,0,8,1,0.0,3,3,1,2,3,3,5,0,5,0,626,626,0,4,1,4,626,591,0,1217,0,0,1,1,3,1,3,6,5,1,4,1,1980.0,1,1,288,4,4,2,0,28,0,0,0,0,0,2,1,0,4,2009,7,4
124,120,3,55.0,7892,1,0,3,3,0,4,0,19,2,2,4,2,6,5,1993,1993,1,0,8,1,0.0,2,3,2,2,3,3,2,300,5,0,899,1199,0,0,1,4,1199,0,0,1199,0,0,2,0,2,1,2,5,5,0,2,1,1993.0,1,2,530,4,4,2,0,63,0,0,0,0,0,2,1,0,3,2008,7,4
487,20,3,79.0,10289,1,0,3,3,0,4,0,11,2,2,0,2,5,7,1965,1965,3,0,7,1,168.0,3,3,1,3,3,3,0,836,5,0,237,1073,0,4,1,4,1073,0,0,1073,1,0,1,1,3,1,3,6,5,0,2,1,1965.0,1,2,515,4,4,2,0,0,0,0,0,0,0,2,1,0,6,2007,7,4
475,120,3,41.0,5330,1,0,3,3,0,4,0,21,2,2,4,2,8,5,2000,2000,1,0,4,1,0.0,2,3,2,2,3,0,2,1196,5,0,298,1494,0,0,1,4,1652,0,0,1652,1,0,2,0,2,1,0,6,5,0,2,1,2000.0,1,2,499,4,4,2,96,48,0,0,0,0,0,2,1,0,8,2007,7,4
329,75,3,70.0,11888,1,1,0,0,0,4,0,2,4,2,0,4,6,6,1916,1994,1,0,12,1,0.0,3,3,0,3,3,3,5,0,5,0,844,844,0,2,0,0,1445,689,0,2134,0,0,2,0,5,1,2,10,5,0,2,5,1930.0,2,2,441,4,4,2,0,60,268,0,0,0,0,2,1,0,7,2009,7,4
356,20,3,105.0,11249,1,0,1,3,0,4,0,4,2,2,0,2,6,5,1995,1995,1,0,10,1,0.0,2,1,2,2,1,3,0,334,1,544,322,1200,0,0,1,4,1200,0,0,1200,1,0,2,0,3,1,2,6,5,0,2,1,1995.0,1,2,521,4,4,2,0,26,0,0,0,0,0,2,1,0,8,2007,7,4
405,60,3,70.0,10364,1,0,0,3,0,4,0,7,2,2,0,5,6,5,1995,1996,1,0,7,1,0.0,3,3,2,2,3,3,5,0,5,0,806,806,0,2,1,4,806,766,0,1572,0,0,2,1,3,1,3,7,5,1,4,3,1995.0,0,2,373,4,4,2,0,40,0,0,0,0,0,2,1,0,5,2007,7,4
453,60,3,70.0,9303,1,0,0,3,0,0,0,22,2,2,0,5,6,5,1996,1997,3,0,10,1,42.0,2,3,2,0,3,3,0,742,5,0,130,872,0,0,1,4,888,868,0,1756,1,0,2,1,3,1,3,7,5,0,2,1,1996.0,0,2,422,4,4,2,144,122,0,0,0,0,0,2,1,0,7,2007,7,4
283,120,3,34.0,5063,1,0,3,3,0,4,0,15,2,2,3,2,7,5,2007,2008,1,0,10,2,166.0,2,3,2,2,3,3,2,904,5,0,410,1314,0,0,1,4,1314,0,0,1314,1,0,2,0,2,1,2,6,5,1,2,1,2008.0,1,2,626,4,4,2,172,62,0,0,0,0,0,2,1,0,4,2009,5,4
386,120,3,43.0,3182,1,0,3,3,0,4,0,0,2,2,4,2,8,5,2004,2005,1,0,10,1,16.0,2,3,2,2,3,3,2,24,5,0,1232,1256,0,0,1,4,1269,0,0,1269,0,0,2,0,2,1,2,6,5,1,4,1,2004.0,0,2,430,4,4,2,146,20,0,0,144,0,0,2,1,0,4,2010,7,4
276,50,3,55.0,7264,1,0,3,3,0,4,0,2,2,2,0,0,7,7,1925,2007,1,0,11,1,0.0,2,1,0,3,3,3,5,0,5,0,952,952,1,2,0,4,952,596,0,1548,0,0,2,1,3,1,0,5,5,0,2,5,1978.0,2,2,672,4,4,2,74,0,0,0,144,0,0,2,1,0,10,2009,7,4
38,20,3,74.0,8532,1,0,3,3,0,4,0,11,2,2,0,2,5,6,1954,1990,3,0,11,1,650.0,3,3,1,3,3,3,4,1213,5,0,84,1297,0,2,1,4,1297,0,0,1297,0,1,1,0,3,1,3,5,5,1,4,1,1954.0,0,2,498,4,4,2,0,0,0,0,0,0,0,2,1,0,10,2009,7,4
203,50,3,50.0,7000,1,0,3,3,0,0,0,16,0,2,0,0,6,6,1924,1950,1,0,7,1,0.0,3,1,0,1,3,3,3,617,5,0,0,617,0,2,1,4,865,445,0,1310,0,0,2,0,2,1,3,6,2,0,2,1,1924.0,2,1,398,4,4,2,0,0,126,0,0,0,0,2,1,0,5,2006,0,4
144,20,3,78.0,10335,1,0,0,3,0,4,0,4,2,2,0,2,7,5,1999,1999,1,0,10,1,183.0,2,3,2,2,3,1,2,679,5,0,811,1490,0,0,1,4,1501,0,0,1501,1,0,2,0,3,1,2,6,5,0,2,1,1999.0,1,2,577,4,4,2,144,29,0,0,0,0,0,2,1,0,6,2009,7,4
367,20,3,70.0,9500,1,0,0,3,0,4,0,11,2,2,0,2,6,5,1963,1963,1,0,8,1,247.0,3,3,1,2,3,3,1,609,5,0,785,1394,0,2,1,4,1394,0,0,1394,1,0,1,1,3,1,3,6,5,2,2,1,1963.0,1,2,514,4,4,2,0,76,0,0,185,0,0,2,1,0,7,2009,7,4
238,60,3,70.0,9453,1,0,0,3,0,1,0,19,7,2,0,5,7,7,1993,2003,1,0,5,1,0.0,2,3,2,2,3,3,1,402,5,0,594,996,0,0,1,4,1014,730,0,1744,0,0,2,1,3,1,2,7,5,0,2,1,1993.0,1,2,457,4,4,2,370,70,0,238,0,0,0,2,1,0,2,2010,7,4
399,30,4,60.0,8967,1,0,3,3,0,0,0,8,2,2,0,2,5,2,1920,1950,1,0,7,1,0.0,3,0,0,1,2,3,5,0,5,0,961,961,0,2,1,3,1077,0,0,1077,0,0,1,0,2,1,3,6,1,0,2,5,1920.0,2,1,338,3,3,0,0,0,0,0,0,0,0,2,1,0,11,2007,7,0
288,20,3,70.0,8125,1,0,0,3,0,0,0,11,2,2,0,2,4,4,1971,1971,1,0,5,1,0.0,3,3,1,3,3,3,1,614,5,0,244,858,0,4,1,4,858,0,0,858,0,0,1,0,3,1,3,5,5,0,2,1,2006.0,2,0,0,4,4,2,0,0,0,0,0,0,0,2,1,0,6,2006,7,4
62,75,4,60.0,7200,1,0,3,3,0,4,0,8,2,2,0,4,5,7,1920,1996,1,0,7,1,0.0,3,3,0,3,0,3,5,0,5,0,530,530,0,4,0,4,581,530,0,1111,0,0,1,0,3,1,1,6,5,0,2,5,1935.0,2,1,288,4,4,0,0,0,144,0,0,0,0,2,1,0,3,2007,7,4
116,160,1,34.0,3230,1,1,3,3,0,0,0,20,2,2,4,5,6,5,1999,1999,1,0,7,1,1129.0,3,3,2,2,3,3,2,419,5,0,310,729,0,2,1,4,729,729,0,1458,0,0,2,1,2,1,3,5,5,1,1,5,1999.0,2,2,440,4,4,2,0,32,0,0,0,0,0,2,1,0,6,2007,7,4
252,120,4,44.0,4750,1,0,0,1,0,4,1,5,2,2,4,2,8,5,2006,2007,3,0,10,2,481.0,2,3,2,2,3,1,2,1573,5,0,0,1573,0,0,1,4,1625,0,0,1625,1,1,2,0,2,1,2,5,5,1,2,1,2006.0,0,2,538,4,4,2,123,0,0,0,153,0,0,2,1,0,12,2007,7,3
390,60,3,96.0,12474,1,0,3,3,0,4,0,15,2,2,0,5,10,5,2007,2008,1,0,10,2,272.0,0,3,2,0,3,0,2,1280,5,0,402,1682,0,0,1,4,1742,590,0,2332,1,0,2,1,3,1,0,9,5,1,0,3,2008.0,0,3,846,4,4,2,196,134,0,0,0,0,0,2,1,0,8,2008,6,5
7,20,3,75.0,10084,1,0,3,3,0,4,0,20,2,2,0,2,8,5,2004,2005,1,0,10,2,186.0,2,3,2,0,3,0,2,1369,5,0,317,1686,0,0,1,4,1694,0,0,1694,1,0,2,0,3,1,2,7,5,1,2,1,2004.0,1,2,636,4,4,2,255,57,0,0,0,0,0,2,1,0,8,2007,7,4
362,50,3,70.0,9144,1,1,3,3,0,4,0,2,2,2,0,0,5,5,1940,1982,1,0,7,1,0.0,3,3,1,3,3,3,4,399,5,0,484,883,0,2,1,4,988,517,0,1505,1,0,1,0,3,1,3,8,5,0,2,5,1940.0,2,1,240,4,4,0,0,0,0,0,0,0,0,2,1,0,7,2008,7,4
348,20,3,70.0,17600,1,0,0,3,0,4,0,11,2,2,0,2,6,5,1960,1960,1,0,11,1,30.0,3,3,1,3,3,3,1,1270,5,0,208,1478,0,0,1,0,1478,0,0,1478,1,0,2,0,3,1,3,6,5,2,2,1,1960.0,2,2,498,4,4,2,0,40,0,0,0,0,0,2,1,0,12,2009,7,4
340,20,3,66.0,12400,1,0,0,3,0,4,0,11,1,2,0,2,6,7,1958,1998,3,0,11,1,176.0,3,3,1,3,0,3,4,585,5,0,630,1215,0,4,1,0,1215,0,0,1215,0,0,1,0,3,1,3,6,5,0,2,1,1958.0,2,1,297,4,4,2,0,0,0,0,234,0,0,2,1,0,6,2009,7,4
164,45,3,55.0,5500,1,0,3,3,0,4,0,16,2,2,0,1,4,6,1956,1956,1,0,7,1,0.0,3,3,1,3,3,3,5,0,5,0,882,882,0,0,1,4,882,0,0,882,0,0,1,0,1,1,3,4,5,0,2,1,2006.0,2,0,0,4,4,2,0,0,0,0,0,0,0,2,1,0,4,2007,7,4
155,30,4,84.0,11340,1,0,3,3,0,0,0,16,2,2,0,2,6,5,1923,1950,1,0,11,1,0.0,3,3,0,3,3,3,5,0,5,0,1200,1200,0,4,1,0,1200,0,0,1200,0,0,1,0,4,1,3,7,5,0,2,5,1923.0,2,1,312,1,1,2,0,0,228,0,0,0,0,2,1,0,3,2006,7,3
184,50,4,63.0,11426,1,0,3,3,0,4,0,16,2,2,0,0,7,5,2003,2003,1,0,10,1,0.0,3,3,2,2,3,3,5,0,5,0,1362,1362,0,0,1,4,1362,720,0,2082,0,0,2,1,3,1,2,6,4,0,2,5,2003.0,2,2,484,4,4,0,280,238,0,0,0,0,0,2,1,0,6,2008,7,4
436,60,3,43.0,10667,1,0,1,3,0,1,0,4,4,2,0,5,7,6,1996,1996,1,0,10,1,0.0,2,3,2,2,3,0,2,385,0,344,70,799,0,0,1,4,827,834,0,1661,1,0,2,1,3,1,2,6,5,1,4,1,1996.0,1,2,550,4,4,2,158,61,0,0,0,0,0,2,1,0,4,2009,5,4
191,70,3,70.0,10570,1,0,3,0,0,4,1,5,2,2,0,5,8,8,1932,1994,3,0,3,1,0.0,2,3,1,2,1,3,4,297,5,0,556,853,0,4,1,4,1549,1178,0,2727,0,0,2,1,3,1,2,10,0,2,4,5,1932.0,2,2,440,4,4,2,0,74,0,0,0,0,0,2,1,0,12,2007,7,4
285,120,3,50.0,8012,1,0,3,3,0,4,0,19,2,2,4,2,6,5,1992,1992,1,0,6,1,0.0,2,3,2,2,3,3,2,430,5,0,1145,1575,0,2,1,4,1575,0,0,1575,1,0,2,0,2,1,2,5,5,0,2,1,1992.0,1,2,529,4,4,2,0,0,52,0,0,0,0,2,1,0,7,2007,7,4
11,20,3,70.0,11200,1,0,3,3,0,4,0,18,2,2,0,2,5,5,1965,1965,3,0,5,1,0.0,3,3,1,3,3,3,4,906,5,0,134,1040,0,0,1,4,1040,0,0,1040,1,0,1,0,3,1,3,5,5,0,2,5,1965.0,2,1,384,4,4,2,0,0,0,0,0,0,0,2,1,0,2,2008,7,4
485,20,3,70.0,7758,1,0,0,3,0,0,0,18,2,2,0,2,5,7,1962,2001,1,0,8,1,0.0,3,1,1,3,3,3,0,588,5,0,411,999,0,2,1,4,999,0,0,999,1,0,1,0,3,1,2,6,5,0,2,5,1963.0,2,1,264,4,4,2,0,132,0,0,0,0,0,2,1,0,3,2007,7,4
108,20,4,50.0,6000,1,0,3,3,0,4,0,16,2,2,0,2,5,5,1948,1950,1,0,10,1,0.0,3,3,1,3,3,3,0,104,1,169,516,789,0,0,1,4,789,0,0,789,0,0,1,0,2,1,3,5,5,0,2,5,1948.0,2,1,250,4,4,2,0,0,0,0,0,0,0,2,1,0,4,2008,7,5
84,20,3,80.0,8892,1,0,0,3,0,4,0,11,2,2,0,2,5,5,1960,1960,1,0,7,0,66.0,3,3,1,3,3,3,5,0,5,0,1065,1065,0,2,1,4,1065,0,0,1065,0,0,1,1,3,1,3,6,5,0,2,5,1974.0,2,2,461,4,4,2,74,0,0,0,0,0,0,2,1,0,7,2007,0,4
41,20,3,84.0,8658,1,0,3,3,0,4,0,11,2,2,0,2,6,5,1965,1965,1,0,11,1,101.0,3,3,1,3,3,3,4,643,5,0,445,1088,0,0,1,4,1324,0,0,1324,0,0,2,0,3,1,3,6,5,1,4,1,1965.0,1,2,440,4,4,2,0,138,0,0,0,0,0,1,1,0,12,2006,7,0
490,180,4,21.0,1526,1,0,3,3,0,4,0,9,2,2,3,6,4,8,1970,2002,1,0,4,1,0.0,3,1,1,2,3,0,2,515,5,0,115,630,0,4,1,4,630,0,0,630,1,0,1,0,1,1,2,3,5,0,2,1,1970.0,2,1,286,4,4,2,0,0,0,0,0,0,0,2,1,0,5,2009,7,4
173,160,3,44.0,5306,1,0,0,3,0,4,0,21,2,2,4,5,7,7,1987,1987,1,0,5,1,0.0,2,1,2,2,1,3,2,495,4,215,354,1064,0,2,1,4,1064,703,0,1767,1,0,2,0,2,1,2,5,5,1,4,1,1987.0,1,2,504,2,4,2,441,35,0,0,0,0,0,2,1,0,6,2006,7,4
470,60,3,76.0,9291,1,0,0,3,0,0,0,19,7,2,0,5,6,5,1993,1993,1,0,5,1,120.0,2,3,2,2,3,3,2,426,5,0,406,832,0,0,1,4,832,878,0,1710,0,0,2,1,3,1,2,7,5,0,2,1,1993.0,1,2,506,4,4,2,144,70,0,0,0,0,0,2,1,0,6,2008,7,4
298,60,1,66.0,7399,1,1,0,3,0,4,0,20,2,2,0,5,7,5,1997,1998,3,0,10,1,1600.0,2,3,2,2,3,3,1,649,5,0,326,975,0,0,1,4,975,975,0,1950,0,0,2,1,3,1,2,7,5,1,4,5,1997.0,1,2,576,4,4,2,0,10,0,0,198,0,0,2,1,0,6,2007,7,4
295,20,3,80.0,9600,1,0,3,3,0,4,0,11,2,2,0,2,6,5,1953,1953,3,0,5,2,238.0,3,3,1,3,3,3,2,1285,5,0,131,1416,0,4,1,4,1644,0,0,1644,1,0,1,0,3,1,3,7,5,2,2,1,1953.0,0,2,418,4,4,2,110,0,0,0,0,0,0,2,1,0,10,2009,7,4
205,50,4,50.0,3500,1,0,3,3,0,4,0,16,2,2,0,0,5,7,1947,1950,1,0,0,1,0.0,3,3,1,3,3,3,3,312,5,0,408,720,0,4,1,4,720,564,0,1284,0,0,1,1,2,1,3,5,5,0,2,5,1948.0,2,1,240,4,4,2,0,35,0,0,0,0,0,3,1,0,4,2009,7,4
299,60,3,90.0,11700,1,0,3,3,0,4,0,13,2,2,0,5,6,6,1968,1968,4,0,1,1,365.0,2,3,1,3,3,3,0,384,4,175,143,702,0,2,1,4,1041,702,0,1743,0,1,1,2,3,1,3,7,5,1,2,1,1968.0,2,2,539,4,4,2,224,0,0,0,0,0,0,2,1,0,6,2007,7,4
256,60,3,66.0,8738,1,0,0,3,0,4,0,7,2,2,0,5,7,5,1999,1999,1,0,10,1,302.0,2,3,2,2,3,3,5,0,5,0,975,975,0,0,1,4,1005,1286,0,2291,0,0,2,1,4,1,2,8,5,1,4,3,1999.0,0,2,429,4,4,2,192,0,0,0,0,0,0,2,1,0,2,2006,7,4
274,20,3,80.0,9600,1,0,3,3,0,4,0,11,1,2,0,2,6,6,1958,1988,3,0,11,0,183.0,3,3,1,3,3,3,4,620,3,620,0,1240,0,2,1,4,1632,0,0,1632,1,0,2,0,3,1,3,6,2,1,2,1,1958.0,1,1,338,4,4,2,289,0,0,0,0,0,0,2,1,0,4,2009,7,4
201,20,4,80.0,8546,1,0,3,3,0,0,0,6,2,2,0,2,4,5,2003,2004,1,0,10,1,0.0,3,3,2,2,3,3,5,0,5,0,1121,1121,0,0,1,4,1121,0,0,1121,0,0,2,0,2,1,3,5,5,0,2,1,2003.0,1,2,440,4,4,2,132,64,0,0,0,0,0,2,1,0,3,2010,7,4
93,30,3,80.0,13360,1,0,0,1,0,4,0,5,2,2,0,2,5,7,1921,2006,1,0,11,1,0.0,3,1,0,2,3,3,0,713,5,0,163,876,0,0,1,4,964,0,0,964,1,0,1,0,2,1,3,5,5,0,2,5,1921.0,2,2,432,4,4,2,0,0,44,0,0,0,0,2,1,0,8,2009,7,4
151,20,3,120.0,10356,1,0,3,3,0,0,0,4,2,2,0,2,5,6,1975,1975,1,0,5,1,0.0,3,3,1,3,3,0,1,716,5,0,253,969,0,4,1,4,969,0,0,969,0,0,1,1,3,1,3,5,5,0,2,1,1975.0,2,2,440,4,4,2,0,0,0,0,0,0,0,2,1,0,1,2007,7,4
169,60,3,62.0,8244,1,0,0,3,0,4,0,7,2,2,0,5,7,5,2004,2004,1,0,10,1,0.0,2,3,2,2,3,3,5,0,5,0,840,840,0,0,1,4,840,880,0,1720,0,0,2,1,3,1,2,7,5,1,2,1,2004.0,0,2,440,4,4,2,100,48,0,0,0,0,0,2,1,0,5,2007,7,4
270,20,3,70.0,7917,1,0,0,3,0,0,0,6,2,2,0,2,6,7,1976,1976,3,0,5,1,174.0,3,1,1,3,1,3,1,751,5,0,392,1143,0,4,1,4,1113,0,0,1113,1,0,1,1,3,1,3,6,5,1,1,1,1987.0,1,1,504,4,2,2,370,30,0,0,0,0,0,0,1,0,5,2007,7,4
152,20,3,107.0,13891,1,0,3,3,0,4,0,15,2,2,0,2,8,5,2007,2008,3,0,10,2,436.0,2,3,2,0,3,1,2,1400,5,0,310,1710,0,0,1,4,1710,0,0,1710,1,0,2,0,2,1,2,6,5,1,2,1,2007.0,1,3,866,4,4,2,0,102,0,0,0,0,0,2,1,0,1,2008,6,5
3,60,3,68.0,11250,1,0,0,3,0,4,0,4,2,2,0,5,7,5,2001,2002,1,0,10,1,162.0,2,3,2,2,3,2,2,486,5,0,434,920,0,0,1,4,920,866,0,1786,1,0,2,1,3,1,2,6,5,1,4,1,2001.0,1,2,608,4,4,2,0,42,0,0,0,0,0,2,1,0,9,2008,7,4
96,60,3,70.0,9765,1,0,1,3,0,0,0,7,2,2,0,5,6,8,1993,1993,1,0,10,1,68.0,0,1,2,2,1,3,0,310,5,0,370,680,0,2,1,4,680,790,0,1470,0,0,2,1,3,1,3,6,5,1,4,3,1993.0,0,2,420,4,4,2,232,63,0,0,0,0,0,2,1,480,4,2009,7,4
404,60,3,93.0,12090,1,0,3,3,0,0,0,14,2,2,0,5,8,5,1998,1998,3,0,10,1,650.0,2,3,2,2,3,3,5,0,5,0,1141,1141,0,2,1,4,1165,1098,0,2263,0,0,2,1,4,1,2,10,5,1,4,3,1998.0,0,2,420,4,4,2,144,123,0,0,0,0,0,2,1,0,7,2006,7,0
72,20,3,69.0,7599,1,0,3,3,0,0,0,10,2,2,0,2,4,6,1982,2006,1,0,8,1,0.0,3,3,1,3,3,3,0,565,5,0,280,845,0,4,1,4,845,0,0,845,1,0,1,0,2,1,3,4,5,0,2,5,1987.0,2,2,360,4,4,2,0,0,0,0,0,0,0,2,1,0,6,2007,7,4
289,20,3,70.0,9819,1,0,0,3,0,4,0,18,2,2,0,2,5,5,1967,1967,1,0,7,1,31.0,3,1,1,3,3,3,1,450,5,0,432,882,0,4,1,4,900,0,0,900,0,0,1,0,3,1,3,5,5,0,2,5,1970.0,2,1,280,4,4,2,0,0,0,0,0,0,0,2,1,0,2,2010,7,4
128,45,4,55.0,4388,1,0,0,0,0,4,0,16,1,2,0,1,5,7,1930,1950,1,0,11,1,0.0,3,1,0,3,3,3,3,116,5,0,556,672,0,0,1,4,840,0,0,840,0,0,1,0,3,1,3,5,5,1,4,1,2006.0,2,0,0,4,4,0,0,0,0,0,0,0,0,2,1,0,6,2007,7,4
371,60,3,70.0,8121,1,0,0,3,0,4,0,7,2,2,0,5,6,5,2000,2000,1,0,10,1,0.0,3,3,2,2,3,3,5,0,5,0,953,953,0,0,1,4,953,711,0,1664,0,0,2,1,3,1,3,7,5,1,4,1,2000.0,1,2,460,4,4,2,100,40,0,0,0,0,0,2,1,0,1,2006,7,4
100,20,3,77.0,9320,1,0,0,3,0,4,0,11,2,2,0,2,4,5,1959,1959,1,0,8,1,0.0,3,3,1,3,3,3,0,569,5,0,381,950,0,1,1,4,1225,0,0,1225,1,0,1,1,3,1,3,6,5,0,2,1,2006.0,2,0,0,4,4,2,352,0,0,0,0,0,0,2,1,400,1,2010,7,4
148,60,3,70.0,9505,1,0,0,3,0,1,0,7,2,2,0,5,7,5,2001,2001,1,0,10,1,180.0,2,3,2,2,3,3,5,0,5,0,884,884,0,0,1,4,884,1151,0,2035,0,0,2,1,3,1,2,8,5,1,2,3,2001.0,0,2,434,4,4,2,144,48,0,0,0,0,0,2,1,0,5,2010,7,4
246,20,3,80.0,10400,1,0,3,3,0,4,0,13,2,2,0,2,7,5,1988,1988,1,0,11,1,102.0,3,3,1,2,3,0,2,929,5,0,916,1845,0,2,1,4,1872,0,0,1872,0,1,2,0,3,1,3,6,5,1,4,1,1988.0,0,2,604,4,4,2,197,39,0,0,0,0,0,2,1,0,6,2006,7,4
294,60,3,70.0,16659,1,0,0,3,0,0,0,13,3,2,0,5,7,7,1977,1994,1,0,8,1,34.0,3,3,1,3,3,3,0,795,5,0,0,795,0,1,1,4,1468,795,0,2263,1,0,2,1,3,1,2,9,5,1,4,1,1977.0,0,2,539,4,4,2,0,250,0,0,0,0,0,2,1,0,3,2006,7,4
101,20,3,70.0,10603,1,0,0,3,0,4,0,13,2,2,0,2,6,7,1977,2001,1,0,8,1,28.0,3,3,2,3,3,2,0,1200,5,0,410,1610,0,2,1,4,1610,0,0,1610,1,0,2,0,3,1,2,6,5,2,4,1,1977.0,1,2,480,4,4,2,168,68,0,0,0,0,0,2,1,0,2,2010,7,4
352,120,3,70.0,5271,1,0,0,2,0,4,1,3,2,2,0,2,7,5,1986,1986,1,0,11,1,0.0,3,3,2,2,3,1,2,1082,5,0,371,1453,0,2,1,4,1453,0,0,1453,1,0,1,1,2,1,2,6,5,1,4,1,1986.0,1,2,445,4,4,2,0,80,0,0,184,0,0,2,1,0,12,2006,7,0
127,120,3,70.0,4928,1,0,0,3,0,4,0,12,2,2,4,2,6,5,1976,1976,1,0,8,1,0.0,3,3,1,2,3,3,0,120,5,0,958,1078,0,4,1,4,958,0,0,958,0,0,2,0,2,1,3,5,5,1,4,1,1977.0,1,2,440,4,4,2,0,205,0,0,0,0,0,2,1,0,2,2007,7,4
190,120,3,41.0,4923,1,0,3,3,0,4,0,21,2,2,4,2,8,5,2001,2002,1,0,4,1,0.0,2,3,2,0,3,0,2,1153,5,0,440,1593,0,0,1,4,1593,0,0,1593,1,0,1,1,0,1,0,5,5,1,2,1,2001.0,0,2,682,4,4,2,0,120,0,0,224,0,0,2,1,0,8,2008,7,4
209,60,3,70.0,14364,1,0,0,2,0,4,1,19,2,2,0,5,7,5,1988,1989,1,0,8,1,128.0,2,3,1,2,3,1,2,1065,5,0,92,1157,0,0,1,4,1180,882,0,2062,1,0,2,1,3,1,3,7,5,1,2,1,1988.0,0,2,454,4,4,2,60,55,0,0,154,0,0,2,1,0,4,2007,7,4
253,60,3,65.0,8366,1,0,0,3,0,4,0,19,2,2,0,5,6,5,2004,2004,1,0,10,1,0.0,2,3,2,2,3,3,5,0,5,0,798,798,0,0,1,4,798,842,0,1640,0,0,2,1,3,1,2,6,5,0,2,1,2004.0,1,2,520,4,4,2,138,45,0,0,0,0,0,2,1,0,12,2008,7,4
307,60,3,116.0,13474,1,0,3,3,0,4,0,19,1,2,0,5,7,5,1990,1991,1,0,8,1,246.0,2,3,1,2,3,3,0,700,5,0,0,700,0,2,1,4,1122,1121,0,2243,1,0,2,1,4,1,2,8,5,1,4,1,1990.0,1,3,746,4,4,2,127,44,224,0,0,0,0,2,1,0,6,2007,7,4
364,160,4,21.0,1680,1,0,3,3,0,4,0,1,2,2,3,5,6,8,1972,2007,1,0,5,1,510.0,3,3,1,3,3,3,0,162,5,0,321,483,0,2,1,4,483,504,0,987,0,0,1,1,2,1,2,5,5,0,2,5,1972.0,2,1,264,4,4,2,250,0,0,0,0,0,0,2,1,0,5,2009,7,4
385,60,3,70.0,53107,1,0,1,2,0,0,1,3,1,2,0,5,6,5,1992,1992,1,0,5,1,0.0,2,3,2,2,3,0,2,985,5,0,595,1580,0,0,1,4,1079,874,0,1953,1,0,2,1,3,1,2,9,5,2,1,1,1992.0,0,2,501,4,4,2,216,231,0,0,0,0,0,2,1,0,6,2007,7,4
302,60,3,66.0,16226,1,0,2,3,0,4,0,4,2,2,0,5,8,5,1998,1999,1,0,10,1,0.0,2,3,2,2,3,3,2,281,5,0,747,1028,0,0,1,4,1210,1242,0,2452,0,0,2,1,4,1,2,9,5,1,4,3,1998.0,0,2,683,4,4,2,208,50,0,0,0,0,0,2,1,0,5,2007,7,4
476,20,3,80.0,8480,1,0,3,3,0,0,0,18,2,2,0,2,5,6,1963,1963,3,0,5,1,0.0,3,3,1,3,3,3,2,630,5,0,340,970,0,4,1,4,970,0,0,970,1,0,1,0,2,1,3,5,5,0,2,5,1996.0,2,2,624,4,4,2,0,24,0,0,192,0,0,2,1,0,7,2007,7,4
286,160,1,35.0,4251,1,1,0,3,0,4,0,20,2,2,4,5,7,5,2006,2007,1,0,7,1,0.0,2,3,2,2,3,3,5,0,5,0,625,625,0,0,1,4,625,625,0,1250,0,0,2,1,2,1,2,5,5,0,2,5,2006.0,1,2,528,4,4,2,0,54,0,0,0,0,0,2,1,0,6,2007,6,5
130,20,3,69.0,8973,1,0,3,3,0,4,0,11,2,2,0,2,5,7,1958,1991,1,0,8,1,85.0,3,3,1,3,3,3,4,567,1,28,413,1008,0,4,1,0,1053,0,0,1053,0,1,1,1,3,1,0,6,5,0,2,0,1998.0,1,2,750,4,4,2,0,80,0,180,0,0,0,3,1,0,7,2006,7,0
304,20,3,70.0,9800,1,0,3,3,0,0,0,4,2,2,0,2,5,7,1972,1972,1,0,10,1,0.0,3,3,2,3,3,3,0,894,5,0,0,894,0,4,1,4,894,0,0,894,1,0,1,0,3,1,3,5,5,0,2,1,1975.0,2,2,552,4,4,2,256,0,0,0,0,0,0,1,1,0,7,2006,7,0
230,120,3,43.0,3182,1,0,3,3,0,4,0,0,2,2,4,2,7,5,2005,2006,1,0,10,1,16.0,2,3,2,2,3,0,2,16,5,0,1357,1373,0,0,1,4,1555,0,0,1555,0,0,2,0,2,1,2,7,5,1,4,1,2005.0,0,2,430,4,4,2,143,20,0,0,0,0,0,2,1,0,5,2009,7,4
423,20,3,100.0,21750,1,0,3,1,0,4,1,10,0,2,0,2,5,5,1954,1954,3,0,5,1,0.0,3,3,1,3,3,3,5,0,5,0,988,988,0,0,1,0,988,0,0,988,0,0,1,0,2,1,3,4,5,0,2,1,1954.0,1,2,520,4,4,0,0,0,0,0,0,0,0,2,1,0,2,2008,7,4
226,160,4,21.0,1680,1,0,3,3,0,4,0,1,2,2,3,5,5,5,1971,1971,1,0,5,1,142.0,3,3,1,3,3,3,5,0,5,0,630,630,0,4,1,4,630,672,0,1302,0,0,2,1,3,1,3,6,5,0,2,5,1991.0,2,1,280,4,4,2,0,0,0,0,0,0,0,2,1,0,5,2009,0,0
134,20,3,70.0,6853,1,0,0,3,0,4,0,22,2,2,0,2,8,5,2001,2002,1,0,10,1,136.0,2,3,2,0,3,3,2,1005,5,0,262,1267,0,0,1,4,1296,0,0,1296,1,0,2,0,2,1,2,6,5,0,2,1,2001.0,0,2,471,4,4,2,192,25,0,0,0,0,0,2,1,0,6,2009,7,4
425,20,3,72.0,9000,1,0,3,3,0,4,0,11,2,2,0,2,6,5,1956,1956,1,0,11,1,74.0,3,3,1,2,3,3,3,616,5,0,580,1196,0,2,1,0,1196,0,0,1196,1,0,1,0,2,1,3,6,5,1,2,1,1956.0,1,1,297,4,4,2,0,44,0,0,0,0,0,2,1,0,5,2008,7,4
469,20,3,98.0,11428,1,0,0,3,0,4,0,15,2,2,0,2,8,5,2006,2006,1,0,10,2,248.0,2,3,2,2,3,3,5,0,5,0,1626,1626,0,0,1,4,1634,0,0,1634,0,0,2,0,3,1,2,7,5,1,2,1,2006.0,1,3,866,4,4,2,0,44,0,0,0,0,0,2,1,0,5,2007,7,4
330,70,4,60.0,6402,1,0,3,3,0,0,0,8,2,2,0,5,5,5,1920,1950,1,0,12,1,0.0,3,3,2,3,3,2,5,0,5,0,596,596,0,4,0,4,596,596,0,1192,0,0,1,0,3,1,3,6,5,0,2,5,1920.0,2,1,189,1,1,0,0,0,137,0,0,0,0,1,1,0,7,2009,7,4
380,60,3,60.0,8123,1,0,0,3,0,4,0,7,6,2,0,5,6,5,2000,2000,1,0,10,1,16.0,3,3,2,2,3,3,5,0,5,0,982,982,0,0,1,4,1007,793,0,1800,0,0,2,1,3,1,3,7,5,1,4,1,2000.0,0,2,463,4,4,2,100,63,0,0,0,0,0,2,1,0,6,2009,7,4
420,20,3,65.0,8450,1,0,3,3,0,4,0,11,2,2,0,2,5,6,1968,1968,1,0,10,1,0.0,3,3,1,3,3,3,1,775,5,0,281,1056,0,0,1,4,1056,0,0,1056,1,0,1,0,3,1,3,6,5,1,1,1,1968.0,2,1,304,4,4,2,0,85,184,0,0,0,0,2,1,0,7,2010,7,4
357,20,3,70.0,9248,1,0,0,3,0,4,0,7,2,2,0,2,6,6,1992,1992,1,0,5,1,106.0,3,3,2,2,3,3,2,560,5,0,598,1158,0,2,1,4,1167,0,0,1167,1,0,2,0,3,1,2,6,5,0,2,1,1992.0,1,2,400,4,4,2,120,26,0,0,0,0,0,2,1,0,7,2009,7,4
401,120,3,38.0,14963,1,0,1,3,0,4,0,23,2,2,4,2,8,5,1996,1996,1,0,3,1,0.0,2,3,2,2,3,3,2,786,5,0,474,1260,0,0,1,4,1288,0,0,1288,1,0,1,1,1,1,0,4,5,2,2,1,1996.0,0,2,500,4,4,2,120,30,0,0,224,0,0,2,1,0,12,2008,7,4
369,20,3,78.0,7800,1,0,3,3,0,4,0,11,2,2,0,2,5,6,1954,1954,1,0,5,1,200.0,3,3,2,3,3,3,3,540,5,0,728,1268,0,2,1,4,1268,0,0,1268,0,0,1,0,2,1,3,7,5,1,2,1,1954.0,0,1,244,4,4,2,0,98,0,0,0,0,0,2,1,0,3,2010,7,4
342,20,2,60.0,8400,1,0,3,3,0,4,0,19,1,2,0,2,4,4,1950,1950,1,0,0,1,0.0,1,0,1,3,0,3,5,0,5,0,721,721,0,2,1,4,841,0,0,841,0,0,1,0,2,1,3,4,5,0,2,4,1950.0,2,1,294,4,4,0,250,0,24,0,0,0,0,2,1,0,9,2009,7,4
117,20,3,70.0,11616,1,0,3,3,0,4,0,18,2,2,0,2,5,5,1962,1962,1,0,11,1,116.0,3,3,1,3,3,3,3,170,1,670,252,1092,0,4,1,4,1092,0,0,1092,0,1,1,0,3,1,3,6,5,1,3,1,1962.0,2,1,288,4,4,2,0,20,144,0,0,0,0,2,1,0,9,2009,7,4
186,75,4,90.0,22950,1,0,1,3,0,4,0,16,0,2,0,3,10,9,1892,1993,1,5,11,1,0.0,2,1,0,3,3,2,5,0,5,0,1107,1107,0,0,1,4,1518,1518,572,3608,0,0,2,1,4,1,0,12,5,2,4,5,1993.0,2,3,840,0,4,2,0,260,0,0,410,0,0,0,1,0,6,2006,7,4
309,30,3,70.0,12342,1,0,0,3,0,4,0,6,2,2,0,2,4,5,1940,1950,1,0,10,1,0.0,3,3,1,3,3,3,1,262,5,0,599,861,0,0,1,4,861,0,0,861,0,0,1,0,1,1,3,4,5,0,2,5,1961.0,2,2,539,4,4,2,158,0,0,0,0,0,0,2,1,0,3,2009,7,4
341,60,3,85.0,14191,1,0,3,3,0,4,0,22,2,2,0,5,8,5,2002,2002,1,0,10,1,0.0,2,3,2,2,3,3,5,0,5,0,967,967,0,0,1,4,993,915,0,1908,0,0,2,1,4,1,2,9,5,0,2,1,2002.0,0,2,431,4,4,2,135,0,0,0,0,0,0,2,1,0,4,2010,7,4
331,90,3,70.0,10624,1,0,0,3,0,4,0,11,2,2,2,2,5,4,1964,1964,1,0,5,1,84.0,3,3,1,3,3,3,2,40,4,264,1424,1728,0,4,1,4,1728,0,0,1728,0,1,2,0,6,2,3,10,5,0,2,5,2002.0,2,1,352,4,4,2,155,0,0,0,0,0,0,2,1,0,11,2007,7,4
482,20,3,72.0,11846,1,0,0,1,0,4,0,15,2,2,0,2,9,5,2003,2004,3,0,10,1,562.0,2,3,2,0,3,1,2,1567,5,0,225,1792,0,0,1,4,1792,0,0,1792,1,0,2,0,2,1,0,6,5,1,2,1,2003.0,0,3,874,4,4,2,206,49,0,0,0,0,0,2,1,0,8,2006,7,4
361,85,3,70.0,7540,1,0,0,3,0,1,0,10,2,2,0,6,6,6,1978,1978,1,0,10,1,0.0,3,3,1,2,3,0,2,773,5,0,115,888,0,0,1,4,912,0,0,912,1,0,1,0,2,1,3,5,5,1,4,1,1978.0,1,2,470,4,4,2,0,0,0,0,192,0,0,2,1,0,6,2007,7,4
240,50,3,52.0,8741,1,0,3,3,0,4,0,6,2,2,0,0,6,4,1945,1950,1,0,10,1,0.0,3,3,1,3,0,3,3,94,5,0,641,735,0,4,1,0,798,689,0,1487,0,0,1,1,3,1,3,7,5,1,2,5,1949.0,2,1,220,4,4,2,0,140,0,0,0,0,0,2,1,0,4,2010,7,4
313,190,4,65.0,7800,1,0,3,3,0,4,0,16,0,2,1,0,5,7,1939,1950,1,0,7,1,0.0,3,3,1,2,3,2,4,507,5,0,286,793,0,4,1,4,793,325,0,1118,1,0,1,0,3,1,3,5,5,1,2,5,1939.0,2,2,410,4,4,2,0,0,0,0,271,0,0,2,1,0,5,2006,7,4
170,20,3,70.0,16669,1,0,0,3,0,0,0,22,2,2,0,2,8,6,1981,1981,3,4,8,1,653.0,2,3,1,2,3,3,5,0,5,0,1686,1686,0,4,1,4,1707,0,0,1707,0,0,2,1,2,1,3,6,5,1,4,1,1981.0,1,2,511,4,4,2,574,64,0,0,0,0,0,2,1,0,1,2006,7,4
141,20,3,70.0,10500,1,0,3,3,0,2,0,11,2,2,0,2,4,5,1971,1971,1,0,5,1,0.0,3,3,1,3,3,3,0,432,5,0,432,864,0,4,1,4,864,0,0,864,0,0,1,0,3,1,3,5,5,1,3,1,2006.0,2,0,0,4,4,2,0,0,0,0,0,0,0,2,1,0,4,2010,4,4
204,120,4,70.0,4438,1,0,3,3,0,4,0,4,2,2,4,2,6,5,2004,2004,1,0,10,1,205.0,2,3,2,2,3,0,2,662,5,0,186,848,0,0,1,4,848,0,0,848,1,0,1,0,1,1,2,3,5,1,2,1,2004.0,1,2,420,4,4,2,149,0,0,0,0,0,0,2,1,0,1,2008,7,4
266,20,3,78.0,12090,1,0,0,3,0,4,0,13,2,2,0,2,6,6,1981,1981,1,0,7,1,210.0,3,1,1,2,3,3,2,588,3,228,606,1422,0,4,1,4,1422,0,0,1422,0,0,2,0,3,1,2,7,5,1,4,1,1981.0,0,2,576,4,4,2,276,0,0,0,0,0,0,0,1,0,6,2008,7,4
239,20,3,93.0,12030,1,0,3,3,0,4,0,15,2,2,0,2,8,5,2007,2007,3,0,10,1,254.0,0,3,2,0,3,3,5,0,5,0,1694,1694,0,0,1,4,1694,0,0,1694,0,0,2,0,3,1,2,7,5,0,2,1,2007.0,0,3,818,4,4,2,168,228,0,0,0,0,0,2,1,0,12,2007,6,5
120,60,3,65.0,8461,1,0,3,3,0,4,0,4,2,2,0,5,6,5,2005,2006,1,0,10,1,0.0,2,3,2,2,3,3,5,0,5,0,728,728,0,0,1,4,728,728,0,1456,0,0,2,1,3,1,2,8,5,1,2,1,2005.0,0,2,390,4,4,2,0,24,0,0,0,0,0,2,1,0,7,2006,6,5
125,20,3,48.0,17043,1,0,0,3,0,1,0,13,2,2,0,2,6,5,1979,1998,1,0,5,1,0.0,3,1,1,2,0,3,5,0,5,0,1362,1362,0,4,1,4,1586,0,0,1586,0,0,2,0,3,1,3,7,5,1,4,1,1979.0,2,2,435,4,4,2,192,0,0,0,0,0,0,2,1,0,1,2009,7,4
351,120,3,68.0,7820,1,0,0,3,0,4,0,15,2,2,4,2,9,5,2007,2007,3,0,7,1,362.0,0,3,2,0,3,3,5,0,5,0,1869,1869,0,0,1,4,1869,0,0,1869,0,0,2,0,2,1,0,6,5,1,2,1,2007.0,1,2,617,4,4,2,210,54,0,0,0,0,0,2,1,0,12,2007,6,5
231,20,3,73.0,8760,1,0,3,3,0,4,0,11,2,2,0,2,6,6,1959,1959,3,0,7,1,220.0,3,3,1,3,3,3,5,0,5,0,1194,1194,0,4,1,4,1194,0,0,1194,1,0,1,0,3,1,3,6,5,0,2,1,1959.0,1,1,312,4,4,2,0,0,120,0,0,0,0,2,1,0,4,2010,7,4
407,50,3,51.0,10480,1,0,3,3,0,4,0,17,2,2,0,0,6,5,1936,1950,1,0,7,1,0.0,3,3,0,3,3,3,5,0,5,0,1064,1064,0,0,1,0,1166,0,473,1639,0,0,1,0,3,1,3,6,1,0,2,5,1936.0,2,1,240,4,4,2,0,0,0,0,0,0,0,2,1,0,3,2008,7,4
488,20,3,70.0,12243,1,0,0,3,0,4,0,13,2,2,0,2,5,6,1971,1971,1,0,8,1,0.0,3,3,1,2,3,0,0,998,5,0,486,1484,0,2,1,4,1484,0,0,1484,0,0,2,0,3,1,3,7,5,1,4,1,1971.0,2,2,487,4,4,2,224,0,0,0,180,0,0,2,1,0,2,2007,7,4
132,60,3,70.0,12224,1,0,0,3,0,0,0,7,2,2,0,5,6,5,2000,2000,1,0,10,1,40.0,2,3,2,2,3,3,2,695,5,0,297,992,0,0,1,4,1022,1032,0,2054,1,0,2,1,3,1,2,7,5,1,4,3,2000.0,1,2,390,4,4,2,24,48,0,0,0,0,0,2,1,0,7,2009,7,4
293,50,3,60.0,11409,1,0,3,3,0,4,0,6,2,2,0,0,5,4,1949,2008,1,0,11,1,0.0,3,3,1,3,3,3,3,292,5,0,476,768,0,2,1,4,1148,568,0,1716,0,0,1,1,3,1,3,8,3,1,2,1,1949.0,2,1,281,4,4,2,0,0,0,0,160,0,0,2,1,0,1,2009,7,4
416,20,3,73.0,8899,1,0,0,3,0,4,0,7,2,2,0,2,7,5,2007,2007,1,0,10,1,0.0,2,3,2,2,3,0,2,24,5,0,1316,1340,0,0,1,4,1340,0,0,1340,0,0,2,0,3,1,2,6,5,0,2,1,2007.0,0,2,396,4,4,2,100,30,0,0,0,0,0,2,1,0,8,2007,6,5
112,80,3,70.0,7750,1,0,0,3,0,4,0,7,2,2,0,7,7,5,2000,2000,1,0,10,1,0.0,3,3,2,2,3,3,2,250,5,0,134,384,0,0,1,4,774,656,0,1430,0,0,2,1,3,1,3,7,5,1,4,3,2000.0,0,2,400,4,4,2,180,0,0,0,0,0,0,2,1,0,4,2010,7,4
374,20,3,79.0,10634,1,0,3,3,0,4,0,11,2,2,0,2,5,6,1953,1953,1,0,7,1,0.0,3,3,2,3,3,3,1,428,3,180,0,608,0,4,1,4,1319,0,0,1319,1,0,1,0,3,1,3,5,3,0,2,1,1953.0,2,1,270,4,4,2,66,0,0,0,0,0,0,1,1,0,11,2009,7,4
452,20,3,62.0,70761,1,0,0,2,0,4,1,3,2,2,0,2,7,5,1975,1975,1,5,8,1,0.0,3,3,1,2,3,1,0,655,5,0,878,1533,0,4,1,4,1533,0,0,1533,1,0,2,0,2,1,2,5,5,2,4,1,1975.0,2,2,576,4,4,2,200,54,0,0,0,0,0,2,1,0,12,2006,7,4
138,90,3,82.0,11070,1,0,3,3,0,4,0,10,2,2,2,2,7,5,1988,1989,1,0,10,1,70.0,3,3,1,3,3,3,5,0,5,0,1907,1907,0,2,1,4,1959,0,0,1959,0,0,3,0,5,2,3,9,5,0,2,0,1989.0,2,3,766,4,4,2,0,0,0,0,0,0,0,2,1,0,7,2006,7,3
366,70,4,59.0,10690,1,0,3,3,0,4,0,8,2,2,0,5,5,7,1920,1997,3,0,10,1,0.0,3,1,1,3,0,3,4,456,5,0,216,672,0,2,1,0,672,672,0,1344,0,0,1,0,3,1,3,6,5,0,2,5,1964.0,2,1,468,4,1,2,0,128,218,0,0,0,0,2,1,0,7,2009,7,4
47,50,3,48.0,12822,1,0,0,3,0,1,0,10,2,2,0,0,7,5,2003,2003,1,0,10,1,0.0,2,3,2,0,3,3,2,1351,5,0,83,1434,0,0,1,4,1518,631,0,2149,1,0,1,1,1,1,2,6,5,1,0,1,2003.0,1,2,670,4,4,2,168,43,0,0,198,0,0,2,1,0,8,2009,7,0
462,70,3,60.0,7200,1,0,3,3,0,4,0,17,1,2,0,5,7,9,1936,2007,1,0,11,1,0.0,2,1,2,2,1,3,0,350,1,210,0,560,0,0,1,4,575,560,0,1135,1,0,1,0,3,1,2,6,5,0,2,5,1971.0,1,2,576,4,4,2,256,0,0,0,0,0,0,2,1,0,4,2009,7,4
68,20,3,72.0,10665,1,0,0,3,0,4,0,4,2,2,0,2,7,5,2003,2003,1,0,10,1,167.0,2,3,2,2,3,0,2,1013,5,0,440,1453,0,0,1,4,1479,0,0,1479,1,0,2,0,3,1,2,7,5,0,2,1,2003.0,1,2,558,4,4,2,144,29,0,0,0,0,0,2,1,0,6,2007,7,4
291,60,3,120.0,15611,1,0,3,3,0,4,0,4,2,2,0,5,8,5,2006,2006,1,0,10,1,0.0,2,3,2,2,3,0,5,0,5,0,1079,1079,0,0,1,4,1079,840,0,1919,0,0,2,1,3,1,2,8,5,1,2,1,2006.0,1,2,685,2,4,2,0,51,0,0,0,0,0,2,1,0,7,2006,6,5
88,160,1,40.0,3951,1,1,3,3,0,0,0,20,2,2,4,5,6,5,2009,2009,1,0,10,2,76.0,2,3,2,2,3,0,5,0,5,0,612,612,0,0,1,4,612,612,0,1224,0,0,2,1,2,1,2,4,5,0,2,5,2009.0,1,2,528,4,4,2,0,234,0,0,0,0,0,2,1,0,6,2009,6,5
249,60,3,72.0,11317,1,0,3,3,0,4,0,4,2,2,0,5,7,5,2003,2003,1,0,10,1,101.0,2,3,2,2,3,3,5,0,5,0,840,840,0,0,1,4,840,828,0,1668,0,0,2,1,3,1,2,8,5,0,2,1,2003.0,1,2,500,4,4,2,144,68,0,0,0,0,0,2,1,0,9,2007,7,4
193,20,3,68.0,9017,1,0,0,3,0,4,0,4,2,2,0,2,7,5,1999,1999,1,0,10,1,0.0,2,3,2,2,3,0,2,560,5,0,871,1431,0,0,1,4,1431,0,0,1431,1,0,2,0,3,1,2,6,5,0,2,1,1999.0,0,2,666,4,4,2,0,35,0,0,0,0,0,2,1,0,9,2009,7,4
165,40,4,40.0,5400,1,1,3,3,0,0,0,16,2,2,0,2,6,7,1926,2004,1,0,7,1,0.0,3,1,0,3,3,2,3,370,5,0,779,1149,0,2,1,0,1149,467,0,1616,0,0,2,0,3,1,2,5,5,0,2,5,1926.0,2,1,216,4,4,2,0,0,183,0,0,0,0,2,1,0,10,2007,7,4
13,20,3,70.0,12968,1,0,1,3,0,4,0,18,2,2,0,2,5,6,1962,1962,3,0,8,1,0.0,3,3,1,3,3,3,0,737,5,0,175,912,0,4,1,4,912,0,0,912,1,0,1,0,2,1,3,4,5,0,2,5,1962.0,2,1,352,4,4,2,140,0,0,0,176,0,0,2,1,0,9,2008,7,4
37,20,3,112.0,10859,1,0,3,3,0,0,0,4,2,2,0,2,5,5,1994,1995,1,0,10,1,0.0,3,3,2,2,3,3,5,0,5,0,1097,1097,0,0,1,4,1097,0,0,1097,0,0,1,1,3,1,3,6,5,0,2,1,1995.0,2,2,672,4,4,2,392,64,0,0,0,0,0,2,1,0,6,2009,7,4
30,30,4,60.0,6324,1,0,0,3,0,4,0,2,1,3,0,2,4,6,1927,1950,1,0,7,1,0.0,3,3,0,3,3,3,5,0,5,0,520,520,0,1,0,4,520,0,0,520,0,0,1,0,1,1,1,4,5,0,2,5,1920.0,2,1,240,1,4,2,49,0,87,0,0,0,0,2,1,0,5,2008,7,4
176,20,3,84.0,12615,1,0,3,3,0,0,0,6,2,2,0,2,6,7,1950,2001,1,0,12,1,0.0,3,3,1,3,1,0,0,477,5,0,725,1202,0,4,1,4,2158,0,0,2158,1,0,2,0,4,1,2,7,5,1,2,1,1950.0,2,2,576,4,4,2,0,29,39,0,0,0,0,2,1,0,6,2007,7,4
147,30,4,51.0,6120,1,0,3,3,0,0,0,2,2,2,0,2,5,7,1931,1993,1,0,11,1,0.0,3,3,0,3,3,3,1,209,5,0,506,715,0,4,1,0,875,0,0,875,1,0,1,0,2,1,3,5,5,0,2,5,1931.0,2,1,180,1,4,2,48,0,0,0,0,0,0,2,1,0,11,2009,7,4
403,30,3,60.0,10200,1,0,3,3,0,4,0,18,2,2,0,2,5,8,1940,1997,1,0,11,1,0.0,3,3,2,3,3,3,5,0,5,0,672,672,0,0,1,4,672,0,0,672,0,0,1,0,2,1,3,4,5,0,2,5,1940.0,2,1,240,4,4,0,168,0,0,0,0,0,0,0,1,0,8,2008,7,4
345,160,4,36.0,2592,1,0,3,3,0,4,0,9,2,2,4,5,5,3,1976,1976,1,0,4,1,0.0,3,3,1,2,3,3,4,129,1,232,175,536,0,4,1,4,536,576,0,1112,0,0,1,1,3,1,3,4,5,0,2,1,1976.0,2,1,336,4,4,2,182,0,0,0,0,0,0,2,1,0,4,2010,7,4
228,160,4,21.0,1869,1,0,3,3,0,4,0,1,2,2,3,5,6,6,1970,1970,1,0,5,1,127.0,3,3,1,3,3,3,4,321,5,0,162,483,0,4,1,4,483,504,0,987,0,0,1,1,2,1,3,5,5,0,2,5,1987.0,2,1,280,4,4,2,0,0,0,0,0,0,0,2,1,0,9,2008,7,4
99,30,3,85.0,10625,1,0,3,3,0,0,0,6,2,2,0,2,5,5,1920,1950,1,0,11,1,0.0,3,3,0,3,3,3,0,108,5,0,350,458,0,1,0,4,835,0,0,835,0,0,1,0,2,1,3,5,5,0,2,2,1920.0,2,1,366,1,4,2,0,0,77,0,0,0,0,2,1,400,5,2010,0,0
54,20,3,68.0,50271,1,0,0,2,0,4,0,23,2,2,0,2,9,5,1981,1987,1,5,12,1,0.0,2,3,1,0,3,1,2,1810,5,0,32,1842,0,2,1,4,1842,0,0,1842,2,0,0,1,0,1,2,5,5,1,2,1,1981.0,0,3,894,4,4,2,857,72,0,0,0,0,0,2,1,0,11,2006,7,4
247,190,4,69.0,9142,1,0,3,3,0,4,0,16,2,2,1,5,6,8,1910,1950,1,0,0,1,0.0,3,0,3,1,3,3,5,0,5,0,1020,1020,0,2,0,2,908,1020,0,1928,0,0,2,0,4,2,1,9,5,0,2,5,1910.0,2,1,440,3,3,2,0,60,112,0,0,0,0,2,1,0,4,2006,7,4
376,30,3,70.0,10020,1,0,0,2,0,4,2,6,2,2,0,2,1,1,1922,1950,1,0,11,1,0.0,1,0,0,1,2,1,1,350,5,0,333,683,0,2,0,0,904,0,0,904,1,0,0,1,1,1,1,4,0,0,2,1,2006.0,2,0,0,4,4,2,0,0,0,0,0,0,0,2,1,0,3,2009,7,4
382,20,1,60.0,7200,1,1,3,3,0,4,0,20,2,2,0,2,7,5,2006,2006,1,0,10,1,0.0,2,3,2,2,1,3,5,0,5,0,1293,1293,0,0,1,4,1301,0,0,1301,1,0,2,0,2,1,2,5,5,1,2,1,2006.0,1,2,572,4,4,2,216,121,0,0,0,0,0,2,1,0,8,2006,6,5
185,50,3,92.0,7438,1,0,0,3,0,4,0,2,6,1,0,0,5,8,1908,1991,1,0,8,1,0.0,3,3,2,1,3,3,5,0,5,0,504,504,0,2,1,4,936,316,0,1252,0,0,1,0,3,1,3,5,5,0,2,1,1986.0,2,2,576,4,4,2,104,0,0,0,0,0,0,2,1,0,6,2006,7,4
44,20,3,70.0,9200,1,0,0,3,0,1,0,4,2,2,0,2,5,6,1975,1980,3,0,10,1,0.0,3,3,1,2,3,0,3,280,1,491,167,938,0,4,1,4,938,0,0,938,1,0,1,0,3,1,3,5,5,0,2,5,1977.0,2,1,308,4,4,2,145,0,0,0,0,0,0,2,1,0,7,2008,7,4
395,50,3,60.0,10134,1,0,3,3,0,4,0,16,2,2,0,0,5,6,1940,1950,1,0,7,1,0.0,3,3,1,3,3,3,5,0,5,0,735,735,0,2,1,0,735,299,0,1034,0,0,1,0,2,1,3,5,5,0,2,5,1940.0,2,1,240,4,4,2,0,39,0,0,0,0,0,2,1,0,7,2007,7,4
213,60,1,72.0,8640,1,0,3,3,0,4,0,20,2,2,0,5,7,5,2009,2009,1,0,10,1,0.0,3,3,2,2,3,3,2,822,5,0,78,900,0,0,1,4,932,920,0,1852,1,0,2,1,3,1,2,7,5,1,4,1,2009.0,1,2,644,4,4,2,168,108,0,0,0,0,0,2,1,0,7,2009,6,5
290,70,3,60.0,8730,1,0,3,3,0,4,0,2,6,2,0,5,6,7,1915,2003,1,0,11,1,0.0,3,3,0,3,3,3,5,0,5,0,698,698,0,0,1,0,698,698,0,1396,0,0,1,0,3,1,3,7,5,0,2,5,2003.0,2,1,384,4,4,2,0,0,0,0,259,0,0,2,1,0,7,2007,7,4
262,60,3,69.0,9588,1,0,0,3,0,4,0,4,2,2,0,5,8,5,2007,2007,1,0,4,2,270.0,2,3,2,0,3,3,5,0,5,0,1482,1482,0,0,1,4,1482,1092,0,2574,0,0,2,1,3,1,0,10,5,1,2,3,2007.0,0,3,868,4,4,2,0,148,0,0,0,0,0,2,1,0,11,2007,6,5
417,60,3,74.0,7844,1,0,3,3,0,4,0,18,2,2,0,5,6,7,1978,1978,3,0,5,1,203.0,3,3,1,3,3,3,0,209,5,0,463,672,0,4,1,4,672,728,0,1400,0,0,1,1,3,1,3,6,5,1,4,1,1978.0,0,2,440,4,4,2,0,0,0,0,0,0,0,2,1,0,3,2006,7,4
5,60,3,84.0,14260,1,0,0,3,0,2,0,14,2,2,0,5,8,5,2000,2000,1,0,10,1,350.0,2,3,2,2,3,0,2,655,5,0,490,1145,0,0,1,4,1145,1053,0,2198,1,0,2,1,4,1,2,9,5,1,4,1,2000.0,1,3,836,4,4,2,192,84,0,0,0,0,0,2,1,0,12,2008,7,4
264,50,4,50.0,5500,1,0,3,3,0,0,0,16,2,2,0,0,5,7,1929,2001,1,0,11,1,0.0,3,3,0,3,3,3,3,234,0,692,0,926,0,4,1,4,926,0,390,1316,1,0,1,0,3,1,3,6,5,0,2,5,1974.0,2,2,484,4,4,2,0,0,0,0,0,0,0,2,1,0,4,2010,7,4
451,30,4,70.0,5684,1,0,3,3,0,4,0,16,2,2,0,2,6,8,1930,2005,3,0,11,1,0.0,3,3,0,3,3,3,5,0,5,0,813,813,0,0,1,0,813,0,0,813,0,0,1,0,2,1,2,5,5,0,2,5,1932.0,2,1,270,1,1,0,0,113,0,0,0,0,0,2,1,0,6,2006,7,4
105,50,4,70.0,7758,1,0,3,3,0,0,0,8,2,2,0,0,7,4,1931,1950,1,0,9,1,600.0,3,0,2,3,3,3,3,224,5,0,816,1040,0,0,1,1,1226,592,0,1818,0,0,1,1,4,1,3,7,5,2,4,5,1951.0,2,1,240,4,4,2,0,0,0,0,184,0,0,2,1,0,6,2007,7,4
233,160,4,21.0,1680,1,0,3,3,0,4,0,1,2,2,3,5,6,5,1972,1972,1,0,5,1,297.0,3,3,1,3,3,3,5,0,5,0,483,483,0,4,1,4,483,504,0,987,0,0,1,1,2,1,3,5,5,1,3,1,1972.0,2,1,288,4,4,2,0,0,0,0,0,0,0,2,1,0,6,2006,7,4
431,160,4,21.0,1680,1,0,3,3,0,4,0,1,2,2,3,5,6,5,1971,1971,1,0,5,1,232.0,3,3,1,3,3,3,0,387,5,0,96,483,0,4,1,4,483,504,0,987,0,0,1,1,2,1,3,4,5,0,2,5,1971.0,2,1,264,4,4,2,0,0,0,0,0,0,0,2,1,0,7,2008,0,0
220,120,3,43.0,3010,1,0,3,3,0,4,0,0,2,2,4,2,7,5,2005,2006,1,0,10,1,16.0,2,3,2,2,3,0,2,16,5,0,1232,1248,0,0,1,4,1248,0,0,1248,0,0,2,0,2,1,2,5,5,0,2,1,2005.0,0,2,438,4,4,2,108,0,0,0,0,0,0,2,1,0,3,2006,6,5
177,60,3,97.0,10029,1,0,0,3,0,0,0,3,2,2,0,5,6,5,1988,1989,1,0,8,1,268.0,2,3,2,2,3,3,2,831,5,0,320,1151,0,4,1,4,1164,896,0,2060,0,1,2,1,4,1,3,8,5,1,4,1,1988.0,2,2,521,4,4,2,0,228,0,0,192,0,0,2,1,0,9,2007,7,4
102,60,3,77.0,9206,1,0,3,3,0,4,0,19,2,2,0,5,6,5,1985,1985,1,0,5,1,336.0,2,3,1,2,3,3,5,0,5,0,741,741,0,4,1,4,977,755,0,1732,0,0,2,1,3,1,2,7,5,1,4,1,1985.0,0,2,476,4,4,2,192,46,0,0,0,0,0,2,1,0,6,2010,7,4
300,20,3,80.0,14000,1,0,3,3,0,4,0,5,2,2,0,2,6,8,1950,2004,1,0,5,1,0.0,3,1,1,3,3,3,5,0,5,0,1092,1092,0,0,1,4,1152,0,0,1152,0,1,1,0,3,1,2,6,5,1,2,1,1950.0,2,1,300,4,4,2,0,36,0,0,0,0,0,0,1,0,8,2009,7,3
222,60,3,70.0,8068,1,0,0,3,0,4,0,7,2,2,0,5,6,5,2002,2002,1,0,10,1,0.0,2,3,2,2,3,3,5,0,5,0,1010,1010,0,0,1,4,1010,1257,0,2267,0,0,2,1,4,1,2,8,5,1,4,3,2002.0,1,2,390,4,4,2,120,46,0,0,0,0,0,2,1,0,12,2009,4,4
64,70,4,50.0,10300,1,0,0,0,0,4,0,16,6,1,0,5,7,6,1921,1950,1,0,9,1,0.0,3,3,0,3,3,3,5,0,5,0,576,576,0,2,1,4,902,808,0,1710,0,0,2,0,3,1,3,9,5,0,2,5,1990.0,2,2,480,4,4,2,12,11,64,0,0,0,0,0,1,0,4,2010,7,4
50,20,3,66.0,7742,1,0,3,3,0,4,0,18,2,2,0,2,5,7,1966,1966,1,0,5,1,0.0,3,3,1,3,3,3,1,763,5,0,192,955,0,0,1,4,955,0,0,955,1,0,1,0,3,1,3,6,5,0,2,1,1966.0,2,1,386,4,4,2,0,0,0,0,0,0,0,2,1,0,1,2007,7,4
34,20,3,70.0,10552,1,0,0,3,0,4,0,11,2,2,0,2,5,5,1959,1959,3,0,3,1,0.0,3,3,1,3,3,3,4,1018,5,0,380,1398,0,2,1,4,1700,0,0,1700,0,1,1,1,4,1,2,6,5,1,2,1,1959.0,1,2,447,4,4,2,0,38,0,0,0,0,0,2,1,0,4,2010,7,4
275,20,3,76.0,8314,1,0,3,3,0,0,0,10,2,2,0,2,5,7,1982,1982,1,0,6,1,0.0,3,3,1,3,3,1,0,546,5,0,270,816,0,4,1,4,816,0,0,816,0,0,1,0,2,1,3,5,5,0,2,1,1982.0,2,1,264,4,4,2,168,0,0,0,0,0,0,2,1,0,6,2007,7,4
336,190,3,70.0,164660,0,0,0,1,0,0,2,22,2,2,1,0,5,6,1965,1965,1,0,8,1,0.0,3,3,1,3,3,1,0,1249,1,147,103,1499,0,0,1,4,1619,167,0,1786,2,0,2,0,3,1,3,7,5,2,2,1,1965.0,0,2,529,4,4,2,670,0,0,0,0,0,0,2,1,700,8,2008,7,4
207,20,3,40.0,13673,1,0,0,3,0,1,0,18,5,2,0,2,5,5,1962,1962,1,0,5,1,0.0,3,1,1,3,3,3,5,0,5,0,1140,1140,0,4,1,4,1696,0,0,1696,0,0,1,1,3,1,3,8,3,1,4,1,1962.0,1,1,349,4,4,2,0,30,0,0,0,0,0,2,1,0,3,2007,7,4
449,50,4,50.0,8600,1,0,3,0,0,4,0,8,2,2,0,0,6,6,1937,1950,1,0,7,1,0.0,3,3,0,3,3,3,5,0,5,0,780,780,0,4,1,4,780,596,0,1376,0,0,2,0,3,1,3,7,5,1,2,5,1937.0,2,1,198,4,4,0,0,0,0,0,0,0,0,2,1,0,6,2006,7,4
29,20,3,47.0,16321,1,0,0,3,0,1,0,11,2,2,0,2,5,6,1957,1997,1,0,7,1,0.0,3,3,1,3,3,1,1,1277,5,0,207,1484,0,4,1,4,1600,0,0,1600,1,0,1,0,2,1,3,6,5,2,2,1,1957.0,1,1,319,4,4,2,288,258,0,0,0,0,0,2,1,0,12,2006,7,4
394,30,3,70.0,7446,1,0,3,3,0,0,0,2,1,2,0,2,4,5,1941,1950,1,0,12,1,0.0,3,3,1,3,3,3,4,266,5,0,522,788,0,4,1,0,788,0,0,788,0,0,1,0,2,1,3,4,5,2,4,1,2006.0,2,0,0,4,4,2,0,0,0,0,0,0,0,1,1,0,4,2006,7,0
237,20,3,65.0,8773,1,0,3,3,0,2,0,4,2,2,0,2,7,5,2004,2004,1,0,10,1,98.0,2,3,2,2,3,0,2,24,5,0,1390,1414,0,0,1,4,1414,0,0,1414,0,0,2,0,3,1,2,6,5,0,2,1,2004.0,1,2,494,4,4,2,132,105,0,0,0,0,0,2,1,0,5,2010,7,4
268,75,3,60.0,8400,1,0,3,0,0,4,1,17,2,2,0,3,5,8,1939,1997,1,0,11,1,0.0,3,3,2,3,3,3,3,378,5,0,342,720,0,0,1,4,1052,720,420,2192,0,0,2,1,4,1,2,8,5,1,2,5,1939.0,2,1,240,4,4,2,262,24,0,0,0,0,0,2,1,0,7,2008,7,4
296,80,3,37.0,7937,1,0,0,3,0,1,0,10,2,2,0,7,6,6,1984,1984,1,0,5,1,0.0,3,3,1,3,3,0,2,819,5,0,184,1003,0,4,1,4,1003,0,0,1003,1,0,1,0,3,1,3,6,5,0,2,5,1984.0,2,2,588,4,4,2,120,0,0,0,0,0,0,0,1,0,3,2006,7,4
168,60,3,86.0,10562,1,0,3,3,0,4,0,15,2,2,0,5,8,5,2007,2007,1,0,10,2,300.0,2,3,2,0,3,3,2,1288,5,0,294,1582,0,0,1,4,1610,551,0,2161,1,0,1,1,3,1,0,8,5,1,2,1,2007.0,0,3,789,4,4,2,178,120,0,0,0,0,0,2,1,0,11,2007,6,5
429,20,3,64.0,6762,1,0,3,3,0,4,0,4,2,2,0,2,7,5,2007,2007,1,0,10,1,108.0,2,3,2,2,3,3,2,664,5,0,544,1208,0,0,1,4,1208,0,0,1208,1,0,2,0,2,1,2,6,5,0,2,1,2007.0,1,2,628,4,4,2,105,54,0,0,0,0,0,2,1,0,9,2007,6,5
143,50,3,71.0,8520,1,0,3,3,0,0,0,11,0,2,0,0,5,4,1952,1952,1,0,11,1,0.0,3,0,1,3,3,3,4,507,5,0,403,910,0,1,1,4,910,475,0,1385,0,0,2,0,4,1,3,6,5,0,2,5,2000.0,2,2,720,4,4,2,0,0,0,0,0,0,0,2,1,0,6,2010,7,4
65,60,3,70.0,9375,1,0,3,3,0,4,0,4,2,2,0,5,7,5,1997,1998,1,0,10,1,573.0,3,3,2,2,3,3,2,739,5,0,318,1057,0,0,1,4,1057,977,0,2034,1,0,2,1,3,1,2,8,5,0,2,1,1998.0,1,2,645,4,4,2,576,36,0,0,0,0,0,0,1,0,2,2009,7,4
140,60,3,65.0,15426,1,0,0,3,0,4,0,4,2,2,0,5,6,5,1997,1997,1,0,10,1,0.0,3,3,2,2,3,3,2,821,5,0,107,928,0,0,1,4,928,836,0,1764,1,0,2,1,3,1,2,7,5,0,2,1,1997.0,1,2,470,4,4,2,276,99,0,0,0,0,0,2,1,0,8,2009,7,4
133,20,3,75.0,7388,1,0,3,3,0,0,0,11,2,2,0,2,5,6,1959,2002,1,0,7,1,0.0,3,3,1,3,3,3,4,405,5,0,658,1063,0,2,1,4,1327,0,0,1327,1,0,1,0,3,1,2,7,5,0,2,5,1974.0,2,2,624,4,4,2,0,0,0,0,0,0,0,2,1,0,7,2007,7,4
477,20,3,75.0,13125,1,0,3,3,0,4,1,4,2,2,0,2,6,5,1997,1998,1,0,10,1,215.0,3,3,2,2,3,1,2,994,5,0,484,1478,0,0,1,4,1493,0,0,1493,1,0,2,0,3,1,2,7,5,1,4,1,1997.0,0,2,508,4,4,2,140,39,0,0,0,0,0,2,1,0,4,2008,7,4
9,50,4,51.0,6120,1,0,3,3,0,4,0,16,0,2,0,0,7,5,1931,1950,1,0,12,1,0.0,3,3,0,3,3,3,5,0,5,0,952,952,0,2,1,1,1022,752,0,1774,0,0,2,0,2,2,3,8,2,2,4,5,1931.0,2,2,468,1,4,2,90,0,205,0,0,0,0,2,1,0,4,2008,7,0
335,60,3,59.0,9042,1,0,0,3,0,4,0,7,2,2,0,5,6,5,1998,1998,1,0,10,1,0.0,3,3,2,2,3,1,2,828,5,0,115,943,0,2,1,4,943,695,0,1638,1,0,2,1,3,1,3,7,5,2,4,1,1998.0,0,2,472,4,4,2,100,38,0,0,0,0,0,2,1,0,7,2008,7,4
465,20,3,60.0,8430,1,0,3,1,0,4,1,4,2,2,0,2,5,5,1978,1978,1,0,5,1,136.0,3,3,1,2,3,3,4,616,5,0,424,1040,0,4,1,4,1040,0,0,1040,0,0,2,0,3,1,3,5,5,0,2,1,2006.0,2,0,0,4,4,2,0,0,0,0,0,0,0,2,1,0,8,2009,7,4
67,20,3,70.0,19900,1,0,3,3,0,4,0,11,3,2,0,2,7,5,1970,1989,1,0,8,1,287.0,3,3,1,2,3,1,2,912,5,0,1035,1947,0,4,1,4,2207,0,0,2207,1,0,2,0,3,1,3,7,2,1,2,1,1970.0,1,2,576,4,4,2,301,0,0,0,0,0,0,2,1,0,7,2010,7,4
308,50,4,70.0,7920,1,0,0,3,0,4,0,8,0,2,0,0,6,7,1920,1950,1,0,7,1,0.0,3,0,1,3,3,3,5,0,5,0,319,319,0,4,1,0,1035,371,0,1406,0,0,1,0,3,1,1,6,5,0,2,1,2006.0,2,0,0,4,4,0,0,144,0,0,0,0,0,2,1,0,3,2008,7,4
15,20,3,70.0,10920,1,0,0,3,0,0,0,11,2,2,0,2,6,5,1960,1960,3,0,7,1,212.0,3,3,1,3,3,3,1,733,5,0,520,1253,0,4,1,4,1253,0,0,1253,1,0,1,1,2,1,3,5,5,1,1,1,1960.0,1,1,352,4,4,2,0,213,176,0,0,0,0,1,1,0,5,2008,7,4
162,60,3,110.0,13688,1,0,0,3,0,4,0,15,2,2,0,5,9,5,2003,2004,1,0,10,1,664.0,2,3,2,0,3,0,2,1016,5,0,556,1572,0,0,1,4,1572,1096,0,2668,1,0,2,1,3,1,0,10,5,2,2,3,2003.0,0,3,726,4,4,2,400,0,0,0,0,0,0,2,1,0,3,2008,7,4
43,85,3,70.0,9180,1,0,0,3,0,1,0,19,2,2,0,6,5,7,1983,1983,1,0,5,1,0.0,3,3,1,2,3,0,0,747,3,93,0,840,0,2,1,4,884,0,0,884,1,0,1,0,2,1,2,5,5,0,2,1,1983.0,1,2,504,4,2,2,240,0,0,0,0,0,0,2,1,0,12,2007,7,4
391,50,3,50.0,8405,1,0,3,3,0,4,0,6,2,2,0,0,5,8,1900,1950,1,0,7,1,0.0,3,3,0,3,1,3,4,241,1,391,229,861,0,0,1,4,961,406,0,1367,1,0,1,0,4,1,3,7,5,0,2,5,1978.0,2,1,384,4,4,2,0,130,112,0,0,0,0,2,1,0,4,2008,7,4
461,60,1,75.0,8004,1,0,0,3,0,4,0,20,6,2,0,5,8,5,2009,2009,1,0,10,2,110.0,2,3,2,2,3,3,2,544,5,0,288,832,0,0,1,4,832,1103,0,1935,1,0,2,1,3,1,3,8,5,0,2,3,2009.0,0,2,552,4,4,2,0,150,0,0,0,0,0,2,1,0,12,2009,6,5
408,70,3,63.0,15576,1,0,3,3,0,4,0,5,2,2,0,5,6,7,1915,1976,1,0,8,1,0.0,3,3,0,2,3,3,5,0,5,0,840,840,0,0,1,4,840,840,0,1680,0,0,2,0,4,1,3,8,5,0,2,1,1960.0,2,1,308,4,4,2,0,0,160,0,0,0,0,2,1,0,3,2008,7,4
223,60,3,85.0,11475,1,0,3,3,0,4,0,13,6,2,0,5,6,6,1975,1975,1,0,10,1,0.0,3,3,1,2,3,3,0,550,5,0,163,713,0,4,1,4,811,741,0,1552,1,0,2,1,3,1,3,6,5,1,4,1,1975.0,1,2,434,4,4,2,209,208,0,0,0,0,0,2,1,0,2,2006,7,4
287,50,3,77.0,9786,1,0,0,0,0,4,0,11,2,2,0,0,6,7,1962,1981,1,0,11,1,0.0,3,3,1,3,3,3,4,600,5,0,312,912,0,4,1,4,1085,649,0,1734,0,0,1,1,3,1,2,7,5,1,2,1,1962.0,1,2,440,4,4,2,0,0,0,0,128,0,0,0,1,0,6,2006,7,4
437,50,4,40.0,4400,1,0,3,3,0,4,0,16,2,2,0,0,6,8,1920,1950,1,0,9,1,0.0,3,3,0,1,3,3,5,0,5,0,648,648,0,4,1,0,734,384,0,1118,0,0,1,0,2,1,3,6,5,0,2,5,1990.0,2,2,440,4,4,2,0,0,0,0,0,0,0,2,1,0,10,2006,7,4
433,160,4,24.0,1920,1,0,3,3,0,4,0,1,2,2,4,5,5,5,1971,1971,1,0,5,1,376.0,3,3,1,3,3,3,0,471,5,0,294,765,0,0,1,4,765,600,0,1365,1,0,1,1,2,1,3,6,2,0,2,5,1971.0,2,2,440,4,4,2,240,36,0,0,0,0,0,2,1,0,8,2007,7,4
347,20,3,70.0,12772,1,0,0,3,0,1,0,11,2,2,0,2,6,8,1960,1998,3,0,7,1,0.0,3,1,1,3,3,2,1,498,5,0,460,958,0,4,1,4,958,0,0,958,0,0,1,0,2,1,3,5,5,0,2,1,1960.0,1,1,301,4,4,2,0,0,0,0,0,0,0,2,0,15500,4,2007,7,4
243,50,4,63.0,5000,1,0,3,3,0,0,0,16,2,2,0,0,5,4,1900,1950,1,0,11,1,0.0,3,3,0,3,3,3,5,0,5,0,540,540,0,2,0,0,889,551,0,1440,0,0,1,0,3,1,3,6,5,0,2,1,1940.0,2,1,352,1,4,2,0,0,77,0,0,0,0,2,1,0,4,2006,7,4
214,20,3,43.0,13568,1,0,1,3,0,1,0,4,2,2,0,2,5,5,1995,1995,1,0,10,1,0.0,3,3,2,2,3,3,0,716,5,0,274,990,0,0,1,4,990,0,0,990,0,1,1,0,3,1,3,5,5,0,2,1,1996.0,2,2,576,4,4,2,224,0,0,0,0,0,0,2,1,0,7,2006,7,4
219,50,3,70.0,15660,1,0,0,3,0,0,0,5,2,2,0,0,7,9,1939,2006,1,0,10,1,312.0,2,1,1,3,3,3,1,341,5,0,457,798,0,0,1,4,1137,817,0,1954,0,1,1,1,3,1,2,8,5,2,4,1,1939.0,2,2,431,4,4,2,0,119,150,0,0,0,0,2,1,0,5,2008,7,4
303,20,3,118.0,13704,1,0,0,3,0,0,0,4,2,2,0,2,7,5,2001,2002,1,0,10,1,150.0,2,3,2,2,3,3,5,0,5,0,1541,1541,0,0,1,4,1541,0,0,1541,0,0,2,0,3,1,2,6,5,1,4,1,2001.0,1,3,843,4,4,2,468,81,0,0,0,0,0,2,1,0,1,2006,7,4
459,70,4,70.0,5100,1,0,3,3,0,4,0,16,2,2,0,5,8,7,1925,1996,3,0,12,1,0.0,3,1,2,3,3,3,5,0,5,0,588,588,0,1,1,4,833,833,0,1666,0,0,1,0,3,1,2,7,5,1,2,5,1925.0,2,1,228,4,4,2,192,63,0,0,0,0,0,2,1,0,6,2008,7,4
258,20,3,68.0,8814,1,0,3,3,0,4,0,4,2,2,0,2,7,5,2006,2006,1,0,10,2,180.0,2,3,2,2,3,3,2,1334,5,0,270,1604,0,0,1,4,1604,0,0,1604,1,0,2,1,3,1,2,8,5,1,2,1,2006.0,1,2,660,4,4,2,123,110,0,0,0,0,0,2,1,0,3,2009,7,0
489,190,3,60.0,10800,1,0,3,3,0,0,0,16,2,2,1,0,5,4,1900,1970,1,0,11,1,0.0,3,0,1,3,0,3,1,664,5,0,290,954,0,4,0,0,1766,648,0,2414,0,0,2,0,3,2,3,10,4,1,2,1,1970.0,2,2,520,4,1,0,142,0,0,0,0,0,0,2,1,0,5,2006,3,4
460,50,3,70.0,7015,1,0,0,0,0,0,0,2,2,2,0,0,5,4,1950,1950,1,0,7,0,161.0,3,3,1,3,3,3,3,185,5,0,524,709,0,4,1,4,979,224,0,1203,1,0,1,0,3,1,2,5,5,1,4,5,1950.0,2,1,352,4,4,2,0,0,248,0,0,0,0,2,1,0,7,2009,7,4
311,60,3,70.0,7685,1,0,0,3,0,4,0,7,2,2,0,5,6,5,1993,1994,1,0,5,1,112.0,3,3,2,2,3,3,0,518,5,0,179,697,0,2,1,4,697,804,0,1501,0,0,2,1,3,1,2,6,5,1,4,1,1993.0,0,2,420,4,4,2,190,63,0,0,0,0,0,2,1,0,5,2006,7,4
360,60,3,78.0,12011,1,0,0,3,0,1,0,14,2,2,0,5,8,5,1998,1998,1,0,10,1,530.0,2,3,2,2,3,0,2,956,5,0,130,1086,0,0,1,4,1086,838,0,1924,1,0,2,1,3,1,2,7,5,1,4,1,1998.0,1,2,592,4,4,2,208,75,0,0,374,0,0,2,1,0,6,2006,7,4
277,20,3,129.0,9196,1,0,0,3,0,4,0,10,2,2,0,2,7,5,2003,2003,1,0,10,1,0.0,2,3,2,0,3,3,5,0,5,0,1560,1560,0,0,1,4,1560,0,0,1560,0,0,2,0,3,1,2,7,5,0,2,1,2003.0,0,2,573,4,4,2,100,150,0,0,0,0,0,2,1,0,4,2010,7,4
208,20,3,70.0,12493,1,0,0,3,0,4,0,11,2,2,0,2,4,5,1960,1960,1,0,11,1,0.0,3,3,2,3,3,3,0,419,4,306,375,1100,0,4,1,4,1100,0,0,1100,1,0,1,0,3,1,3,6,5,1,3,1,1960.0,1,1,312,4,4,2,355,0,0,0,0,0,0,1,1,0,4,2008,7,4
167,20,3,70.0,10708,1,0,0,3,0,4,0,3,2,2,0,2,5,5,1955,1993,3,0,11,1,0.0,2,3,1,3,3,3,3,379,1,768,470,1617,0,0,1,0,1867,0,0,1867,1,0,1,0,2,1,3,7,5,3,2,1,1955.0,0,1,303,4,4,2,476,0,0,0,142,0,0,1,1,0,11,2009,0,4
46,120,3,61.0,7658,1,0,3,3,0,4,0,15,2,2,4,2,9,5,2005,2005,3,0,7,1,412.0,0,3,2,0,3,3,2,456,5,0,1296,1752,0,0,1,4,1752,0,0,1752,1,0,2,0,2,1,0,6,5,1,2,1,2005.0,1,2,576,4,4,2,196,82,0,0,0,0,0,2,1,0,2,2010,7,4
224,20,3,70.0,10500,1,0,3,3,0,2,0,11,2,2,0,2,4,6,1971,1971,1,0,5,1,0.0,3,3,1,3,3,3,0,524,3,180,160,864,0,2,1,4,864,0,0,864,0,0,1,0,2,1,3,4,5,0,2,5,1989.0,2,2,576,4,4,2,216,0,0,0,0,0,0,2,1,0,3,2009,7,0
414,30,4,56.0,8960,1,0,3,3,0,4,0,16,0,2,0,2,5,6,1927,1950,1,0,12,1,0.0,3,3,1,3,3,3,5,0,5,0,1008,1008,0,2,1,0,1028,0,0,1028,0,0,1,0,2,1,3,5,5,1,2,5,1927.0,2,2,360,4,4,2,0,0,130,0,0,0,0,2,1,0,3,2010,7,4
197,20,3,79.0,9416,1,0,3,3,0,4,0,20,2,2,0,2,7,5,2007,2007,3,0,4,2,205.0,0,3,2,0,3,3,2,1126,5,0,600,1726,0,0,1,4,1726,0,0,1726,1,0,2,0,3,1,0,8,5,1,2,1,2007.0,0,3,786,4,4,2,171,138,0,0,266,0,0,2,1,0,9,2007,6,5
317,60,3,94.0,13005,1,0,0,3,0,0,0,13,2,2,0,5,7,7,1980,1980,1,0,4,1,278.0,2,3,1,2,3,3,2,692,5,0,153,845,0,4,1,4,1153,1200,0,2353,1,0,2,1,4,1,0,10,5,1,4,1,1983.0,1,2,484,4,4,2,288,195,0,0,0,0,0,0,1,0,8,2009,7,4
267,60,3,70.0,11207,1,0,0,1,0,2,0,7,2,2,0,5,6,5,1997,1997,1,0,10,1,0.0,3,3,2,2,3,0,2,714,5,0,88,802,0,2,1,4,802,709,0,1511,1,0,2,1,3,1,3,8,5,1,4,1,1997.0,0,2,413,4,4,2,95,75,0,0,0,0,0,2,1,0,6,2006,7,4
110,20,3,105.0,11751,1,0,0,3,0,4,0,13,2,2,0,2,6,6,1977,1977,3,0,8,1,480.0,3,3,1,2,3,3,1,705,5,0,1139,1844,0,0,1,4,1844,0,0,1844,0,0,2,0,3,1,3,7,5,1,4,1,1977.0,1,2,546,4,4,2,0,122,0,0,0,0,0,2,1,0,1,2010,0,4
56,20,3,100.0,10175,1,0,0,3,0,4,0,11,2,2,0,2,6,5,1964,1964,1,0,8,1,272.0,3,3,1,3,3,3,1,490,5,0,935,1425,0,2,1,4,1425,0,0,1425,0,0,2,0,3,1,3,7,5,1,2,1,1964.0,1,2,576,4,4,2,0,0,0,407,0,0,0,2,1,0,7,2008,7,4
402,20,3,65.0,8767,1,0,0,3,0,4,0,4,2,2,0,2,7,5,2005,2005,1,0,10,1,0.0,2,3,2,2,3,0,2,24,5,0,1286,1310,0,0,1,4,1310,0,0,1310,0,0,2,0,3,1,2,6,5,1,2,1,2005.0,0,2,400,4,4,2,0,0,0,0,0,0,0,2,1,0,7,2006,6,5
2,20,3,80.0,9600,1,0,3,3,0,2,0,23,1,2,0,2,6,8,1976,1976,1,0,7,1,0.0,3,3,1,2,3,1,0,978,5,0,284,1262,0,0,1,4,1262,0,0,1262,0,1,2,0,3,1,3,6,5,1,4,1,1976.0,1,2,460,4,4,2,298,0,0,0,0,0,0,2,1,0,5,2007,7,4
444,120,3,53.0,3922,1,0,3,3,0,4,0,0,2,2,4,2,7,5,2006,2007,1,0,12,1,72.0,2,3,2,0,3,0,5,0,5,0,1258,1258,0,0,1,4,1258,0,0,1258,0,0,2,0,2,1,2,6,5,1,2,1,2007.0,0,3,648,4,4,2,144,16,0,0,0,0,0,2,1,0,6,2007,6,5
483,70,4,50.0,2500,1,1,3,3,0,0,0,16,2,2,0,5,7,8,1915,2005,1,0,9,1,0.0,2,3,2,3,3,3,0,299,5,0,611,910,0,0,1,4,916,910,0,1826,1,0,1,1,4,1,0,7,3,1,2,1,1915.0,2,1,164,1,1,2,0,0,0,0,0,0,0,2,1,0,6,2009,7,4
52,50,4,52.0,6240,1,0,3,3,0,4,0,2,2,2,0,0,6,6,1934,1950,1,0,11,1,0.0,3,3,2,3,3,3,5,0,5,0,816,816,0,4,1,4,816,0,360,1176,0,0,1,0,3,1,3,6,5,1,2,5,1985.0,2,2,528,4,4,2,112,0,0,0,0,0,0,2,1,400,9,2006,7,4
83,20,3,78.0,10206,1,0,3,3,0,4,0,20,2,2,0,2,8,5,2007,2007,1,0,10,2,468.0,3,3,2,2,3,3,2,33,5,0,1530,1563,0,0,1,4,1563,0,0,1563,0,0,2,0,3,1,2,6,5,1,2,1,2007.0,1,3,758,4,4,2,144,99,0,0,0,0,0,2,1,0,10,2008,7,4
212,20,3,83.0,10420,1,0,3,3,0,0,0,6,2,2,0,2,6,5,2009,2009,1,0,10,1,0.0,3,3,2,2,3,2,2,36,5,0,1176,1212,0,0,1,4,1212,0,0,1212,0,0,2,0,3,1,2,6,5,0,2,1,2009.0,1,2,460,4,4,2,100,22,0,0,0,0,0,2,1,0,3,2010,7,4
36,60,3,108.0,13418,1,0,3,3,0,4,0,15,2,2,0,5,8,5,2004,2005,1,0,10,2,132.0,2,3,2,0,3,0,5,0,5,0,1117,1117,0,0,1,4,1132,1320,0,2452,0,0,3,1,4,1,2,9,5,1,2,3,2004.0,0,3,691,4,4,2,113,32,0,0,0,0,0,2,1,0,9,2006,7,4
271,60,1,84.0,10728,1,0,3,3,0,4,0,20,2,2,0,5,8,5,2006,2006,1,0,10,1,0.0,2,3,2,2,3,2,5,0,5,0,1095,1095,0,2,1,4,1095,844,0,1939,0,0,2,1,3,1,2,8,5,1,2,1,2006.0,1,3,1053,4,4,2,192,51,0,0,0,0,0,2,1,0,8,2006,6,5
378,60,1,102.0,11143,1,0,0,3,0,0,0,20,2,2,0,5,8,5,2004,2005,1,0,4,1,0.0,2,3,2,2,3,3,5,0,5,0,1580,1580,0,0,1,4,1580,886,0,2466,0,0,3,0,4,1,2,8,5,1,2,1,2004.0,1,2,610,4,4,2,159,214,0,0,0,0,0,2,1,0,12,2007,7,4
95,60,3,69.0,9337,1,0,0,3,0,4,0,4,2,2,0,5,6,5,1997,1997,1,0,10,1,0.0,3,1,2,2,3,3,2,648,5,0,176,824,0,0,1,4,905,881,0,1786,1,0,2,1,3,1,2,7,5,0,2,1,1997.0,1,2,684,4,4,2,0,162,0,0,0,0,0,2,1,0,5,2007,7,4
349,160,3,36.0,2448,1,0,3,3,0,4,0,15,2,2,3,5,7,5,2003,2004,1,0,12,2,106.0,2,3,2,2,3,3,2,573,5,0,191,764,0,0,1,4,764,862,0,1626,1,0,2,1,2,1,2,6,5,0,2,3,2003.0,1,2,474,4,4,2,0,27,0,0,0,0,0,2,1,0,10,2008,7,4
474,20,3,110.0,14977,1,0,0,3,0,4,0,15,2,2,0,2,8,5,2006,2007,1,0,10,1,304.0,2,3,2,0,3,1,2,1350,5,0,626,1976,0,0,1,4,1976,0,0,1976,1,0,2,0,2,1,2,7,5,1,0,1,2006.0,1,3,908,4,4,2,250,63,0,0,0,0,0,2,1,0,7,2007,6,5
55,80,3,60.0,7134,1,0,3,0,0,4,1,11,2,2,0,7,5,5,1955,1955,1,0,7,1,0.0,3,3,1,3,3,3,0,384,5,0,0,384,0,4,1,4,1360,0,0,1360,0,0,1,0,3,1,3,6,2,1,4,5,1962.0,2,2,572,4,4,2,0,50,0,0,0,0,0,2,1,0,2,2007,7,4
355,50,3,60.0,8400,1,0,3,0,0,4,0,17,2,2,0,0,6,5,1940,2000,1,0,7,1,0.0,3,3,1,3,3,3,3,388,5,0,552,940,0,0,1,4,1192,403,0,1595,0,0,1,0,2,1,3,6,5,2,2,1,1940.0,2,1,240,4,4,2,0,0,108,0,0,0,0,2,1,0,6,2006,7,4
272,20,3,73.0,39104,1,0,0,2,0,1,2,3,2,2,0,2,7,7,1954,2005,0,1,8,1,0.0,3,3,1,2,3,1,3,226,2,1063,96,1385,0,0,1,4,1363,0,0,1363,1,0,1,0,2,1,3,5,4,2,4,1,1954.0,2,2,439,4,4,2,81,0,0,0,0,0,0,2,1,0,4,2008,7,4
248,20,3,75.0,11310,1,0,3,3,0,4,0,11,2,2,0,2,6,5,1954,1954,3,0,3,1,0.0,3,3,1,3,3,3,5,0,5,0,1367,1367,0,0,1,4,1375,0,0,1375,0,0,1,0,2,1,3,5,5,1,4,1,1954.0,2,2,451,4,4,2,0,30,0,0,0,0,0,2,1,0,6,2006,7,4
14,20,3,91.0,10652,1,0,0,3,0,4,0,4,2,2,0,2,7,5,2006,2007,1,0,10,2,306.0,2,3,2,2,3,0,5,0,5,0,1494,1494,0,0,1,4,1494,0,0,1494,0,0,2,0,3,1,2,7,5,1,2,1,2006.0,1,3,840,4,4,2,160,33,0,0,0,0,0,2,1,0,8,2007,6,5
323,60,3,86.0,10380,1,0,0,3,0,4,0,19,2,2,0,5,7,5,1986,1987,1,0,8,1,172.0,2,3,1,3,3,1,3,28,0,1474,0,1502,0,0,1,4,1553,1177,0,2730,1,0,2,1,4,1,2,8,5,1,4,1,1987.0,0,2,576,4,4,2,201,96,0,0,0,0,0,2,1,0,8,2007,7,4
92,20,3,85.0,8500,1,0,3,3,0,4,0,11,2,2,0,2,5,3,1961,1961,3,0,5,0,203.0,3,3,1,3,3,3,4,600,5,0,635,1235,0,4,1,4,1235,0,0,1235,0,0,1,0,2,1,3,6,5,0,2,1,1961.0,2,2,480,4,4,2,0,0,0,0,0,0,0,1,1,0,12,2006,7,0
400,60,1,65.0,8125,1,0,3,3,0,4,0,20,2,2,0,5,7,5,2006,2007,1,0,4,2,100.0,2,3,2,2,3,3,2,812,5,0,280,1092,0,0,1,4,1112,438,0,1550,1,0,2,0,2,1,2,7,5,0,2,1,2007.0,0,2,438,4,4,2,0,168,0,0,0,0,0,2,1,0,10,2009,7,4
281,60,3,82.0,11287,1,0,3,3,0,4,0,19,2,2,0,5,7,6,1989,1989,1,0,8,1,340.0,2,3,1,2,3,0,2,421,5,0,386,807,0,2,1,4,1175,807,0,1982,0,0,2,1,3,1,2,7,5,1,4,1,1989.0,0,2,575,4,4,2,0,84,0,196,0,0,0,2,1,0,1,2007,7,4
172,20,3,141.0,31770,1,0,0,3,0,0,0,11,2,2,0,2,6,5,1960,1960,3,0,8,2,112.0,3,3,1,3,1,1,1,639,5,0,441,1080,0,1,1,4,1656,0,0,1656,1,0,1,0,3,1,3,7,5,2,2,1,1960.0,0,2,528,4,4,1,210,62,0,0,0,0,0,2,1,0,5,2010,7,4
337,20,3,86.0,14157,1,0,0,1,0,0,0,21,2,2,0,2,9,5,2005,2006,3,0,10,2,200.0,2,3,2,0,3,1,2,1249,5,0,673,1922,0,0,1,4,1922,0,0,1922,1,0,2,0,3,1,2,8,5,1,2,1,2005.0,0,3,676,4,4,2,178,51,0,0,0,0,0,2,1,0,7,2007,7,4
493,60,3,105.0,15578,1,0,0,3,0,0,0,7,2,2,0,5,6,5,2006,2006,1,0,10,1,0.0,2,3,2,2,3,3,5,0,5,0,728,728,0,2,1,4,728,728,0,1456,0,0,2,1,3,1,3,8,5,0,2,1,2006.0,1,2,429,4,4,2,0,0,0,0,0,0,0,2,1,0,5,2006,6,5
139,60,3,73.0,9066,1,0,0,3,0,4,0,4,2,2,0,5,8,5,1999,2000,1,0,10,1,320.0,2,3,2,2,3,2,2,668,5,0,336,1004,0,0,1,4,1004,848,0,1852,0,0,2,1,3,1,2,7,5,2,4,1,1999.0,0,3,660,4,4,2,224,106,0,0,0,0,0,0,1,0,12,2008,7,4
314,20,3,150.0,215245,1,0,2,2,0,4,2,22,2,2,0,2,7,5,1965,1965,3,0,3,1,0.0,3,3,1,2,3,1,0,1236,4,820,80,2136,1,4,1,4,2036,0,0,2036,2,0,2,0,3,1,3,8,5,2,2,1,1965.0,1,2,513,4,4,2,0,0,0,0,0,0,0,2,1,0,6,2009,7,4
481,20,3,98.0,16033,1,0,0,3,0,2,0,15,2,2,0,2,9,5,2004,2005,3,0,10,1,378.0,2,3,2,0,3,1,2,1261,5,0,572,1833,0,0,1,4,1850,0,0,1850,1,0,2,0,3,1,2,8,5,1,2,1,2004.0,0,3,772,4,4,2,519,112,0,0,0,0,0,2,1,0,3,2006,7,4
327,120,3,32.0,10846,1,0,0,3,0,1,0,23,2,2,4,2,8,5,1993,1993,1,0,3,1,0.0,2,3,2,2,3,1,2,1619,5,0,100,1719,0,0,1,4,1719,0,0,1719,2,0,1,1,1,1,2,6,5,2,2,1,1993.0,0,2,473,4,4,2,122,30,0,0,0,0,0,2,1,0,5,2008,2,4
250,50,3,70.0,159000,1,0,1,2,0,1,2,3,2,2,0,0,6,7,1958,2006,1,0,5,0,472.0,2,3,1,2,3,1,4,697,5,0,747,1444,0,2,1,4,1444,700,0,2144,0,1,2,0,4,1,2,7,5,2,4,1,1958.0,0,2,389,4,4,2,0,98,0,0,0,0,0,2,1,500,6,2007,7,4
57,160,1,24.0,2645,1,1,3,3,0,4,0,20,2,2,3,5,8,5,1999,2000,1,0,7,1,456.0,2,3,2,2,3,3,2,649,5,0,321,970,0,0,1,4,983,756,0,1739,1,0,2,1,3,1,2,7,5,0,2,1,1999.0,0,2,480,4,4,2,115,0,0,0,0,0,0,2,1,0,8,2009,7,0
375,60,3,65.0,8200,1,0,3,3,0,4,0,4,2,2,0,5,7,5,2003,2004,1,0,10,1,0.0,2,3,2,2,3,3,5,0,5,0,847,847,0,0,1,4,847,1081,0,1928,0,0,2,1,4,1,2,8,5,1,2,3,2003.0,0,2,434,4,4,2,100,48,0,0,0,0,0,2,1,0,7,2007,7,4
53,90,4,110.0,8472,0,0,1,0,0,0,1,8,8,2,2,2,5,5,1963,1963,1,0,11,1,0.0,1,3,1,2,3,1,3,104,2,712,0,816,0,4,0,4,816,0,0,816,1,0,1,0,2,1,3,5,5,0,2,4,1963.0,2,2,516,4,4,2,106,0,0,0,0,0,0,2,1,0,5,2010,7,4
180,30,4,60.0,8520,1,0,3,3,0,4,0,16,2,2,0,2,5,6,1923,2006,1,0,11,1,0.0,2,3,1,3,3,3,5,0,5,0,968,968,0,4,1,4,968,0,0,968,0,0,1,0,2,1,3,5,5,0,2,5,1935.0,2,2,480,1,4,0,0,0,184,0,0,0,0,2,1,0,7,2007,7,4
458,20,3,70.0,53227,1,0,0,2,0,1,1,3,2,2,0,2,4,6,1954,1994,0,3,8,1,0.0,3,3,1,2,3,1,1,1116,5,0,248,1364,0,0,1,4,1663,0,0,1663,1,0,1,0,2,1,2,6,2,2,2,1,1954.0,0,2,529,4,4,2,224,137,0,0,0,0,0,2,1,0,3,2008,7,4
196,160,3,24.0,2280,1,0,3,3,0,2,0,12,2,2,3,5,6,6,1976,1976,1,0,2,1,0.0,3,3,1,2,3,3,0,566,5,0,289,855,0,4,1,4,855,601,0,1456,0,0,2,1,3,1,3,7,5,1,4,1,1976.0,2,2,440,4,4,2,87,0,0,0,0,0,0,2,1,0,7,2009,7,4
497,20,3,70.0,12692,1,0,0,3,0,4,0,14,2,2,0,2,8,5,1992,1993,3,0,3,1,0.0,2,3,2,2,3,3,2,1231,5,0,1969,3200,0,0,1,4,3228,0,0,3228,1,0,3,0,4,1,2,10,5,1,2,1,1992.0,1,2,546,4,4,2,264,75,291,0,0,0,0,2,1,0,5,2007,7,4
194,160,4,24.0,2522,1,0,3,3,0,4,0,6,2,2,3,5,7,5,2004,2004,1,0,10,2,50.0,2,3,2,2,3,3,5,0,5,0,970,970,0,0,1,4,970,739,0,1709,0,0,2,0,3,1,2,7,0,0,2,5,2004.0,2,2,380,4,4,2,0,40,0,0,0,0,0,2,1,0,5,2006,7,4
175,20,3,47.0,12416,1,0,0,3,0,4,0,22,2,2,0,2,6,5,1986,1986,1,0,8,2,132.0,3,3,1,2,0,3,0,1398,3,208,0,1606,0,4,1,4,1651,0,0,1651,1,0,2,0,3,1,3,7,3,1,4,1,1986.0,0,2,616,4,4,2,192,0,0,0,0,0,0,2,1,0,11,2008,7,4
61,20,3,63.0,13072,1,0,3,3,0,4,0,19,5,2,0,2,6,5,2004,2004,1,0,10,1,0.0,3,3,2,2,3,3,0,941,5,0,217,1158,0,0,1,4,1158,0,0,1158,1,0,1,1,3,1,2,5,5,0,2,5,2006.0,2,2,576,4,4,2,0,50,0,0,0,0,0,2,1,0,5,2006,6,5
51,60,3,70.0,13869,1,0,1,3,0,0,0,7,2,2,0,5,6,6,1997,1997,1,0,10,1,0.0,3,3,2,2,3,0,2,182,5,0,612,794,0,2,1,4,794,676,0,1470,0,1,2,0,3,1,3,6,5,0,2,1,1997.0,0,2,388,4,4,2,0,75,0,0,0,0,0,2,1,0,7,2007,7,4
354,30,4,60.0,8520,1,0,3,3,0,4,0,16,2,2,0,2,6,8,1928,2003,1,0,10,1,0.0,3,1,0,3,3,3,5,0,5,0,624,624,0,2,1,4,720,0,0,720,0,0,1,0,2,1,3,5,5,0,2,5,2005.0,2,2,484,4,4,2,106,0,0,0,0,0,0,2,1,0,5,2010,7,4
242,30,4,40.0,3880,1,0,3,3,0,4,0,16,2,2,0,2,5,9,1945,1997,1,0,10,1,0.0,3,1,1,3,3,3,0,329,5,0,357,686,0,2,1,4,866,0,0,866,0,0,1,0,2,1,2,4,5,0,2,1,2006.0,2,0,0,4,4,2,58,42,0,0,0,0,0,2,1,0,8,2007,7,4
259,60,3,80.0,12435,1,0,3,3,0,4,0,4,2,2,0,5,7,5,2001,2001,1,0,10,1,172.0,2,3,2,2,3,3,2,361,5,0,602,963,0,0,1,4,963,829,0,1792,0,0,2,1,3,1,2,7,5,1,4,1,2001.0,1,2,564,4,4,2,0,96,0,245,0,0,0,2,1,0,5,2008,7,4
23,20,3,75.0,9742,1,0,3,3,0,4,0,4,2,2,0,2,8,5,2002,2002,3,0,10,1,281.0,2,3,2,2,3,3,5,0,5,0,1777,1777,0,0,1,4,1795,0,0,1795,0,0,2,0,3,1,2,7,5,1,2,1,2002.0,1,2,534,4,4,2,171,159,0,0,0,0,0,2,1,0,9,2008,7,4
321,60,3,111.0,16259,1,0,3,3,0,0,0,15,2,2,0,5,9,5,2006,2006,1,0,10,2,370.0,3,3,2,0,1,0,5,0,5,0,1249,1249,0,0,1,4,1249,1347,0,2596,0,0,3,1,4,1,2,9,5,0,2,1,2006.0,1,3,840,4,4,2,240,154,0,0,0,0,0,2,1,0,9,2006,6,5
166,190,3,62.0,10106,1,0,3,3,0,4,0,6,2,2,1,0,5,7,1940,1999,1,0,11,1,0.0,3,1,0,3,3,3,0,351,4,181,112,644,0,2,1,4,808,547,0,1355,1,0,2,0,4,2,3,6,5,0,2,1,2006.0,2,0,0,4,4,2,140,0,0,0,0,0,0,2,1,0,9,2008,7,4
284,20,3,74.0,9612,1,0,3,3,0,4,0,20,1,2,0,2,8,5,2008,2009,1,0,10,2,72.0,2,3,2,2,3,3,5,0,5,0,1468,1468,0,0,1,4,1468,0,0,1468,0,0,2,0,3,1,2,6,5,1,2,1,2008.0,0,3,898,4,4,2,210,150,0,0,0,0,0,2,1,0,12,2009,6,5
456,20,3,80.0,9600,1,0,3,3,0,4,0,13,2,2,0,2,7,6,1973,1973,3,0,5,1,320.0,3,3,1,3,3,3,0,916,5,0,326,1242,0,1,1,4,1242,0,0,1242,0,0,1,1,3,1,3,6,5,1,4,1,1973.0,2,2,528,4,4,2,0,0,0,0,0,0,0,2,1,0,9,2007,7,4
198,75,3,174.0,25419,1,0,3,3,0,0,0,11,0,2,0,5,8,4,1918,1990,1,0,9,1,0.0,2,1,2,3,3,3,2,1036,3,184,140,1360,0,2,1,4,1360,1360,392,3112,1,1,2,0,4,1,2,8,5,1,0,5,1918.0,2,2,795,4,4,2,0,16,552,0,0,512,0,0,1,0,3,2006,7,0
398,60,3,69.0,7590,1,0,3,3,0,4,0,11,4,2,0,5,5,5,1962,1962,1,0,10,1,288.0,3,3,1,3,3,3,0,540,5,0,324,864,0,4,1,4,876,936,0,1812,0,0,2,0,4,1,3,8,5,1,4,1,1962.0,1,1,264,4,4,2,0,168,0,0,0,0,0,2,1,0,7,2007,7,4
301,190,3,90.0,15750,1,0,3,3,0,0,0,5,2,2,1,2,5,5,1953,1953,3,0,7,1,56.0,3,3,1,3,3,2,1,841,5,0,324,1165,0,4,1,4,1336,0,0,1336,1,0,1,0,2,1,3,5,5,2,2,1,1953.0,2,1,375,4,4,2,0,0,0,0,0,0,0,2,1,0,6,2006,7,4
426,60,4,60.0,3378,1,0,3,1,0,4,0,16,2,2,0,5,7,8,1946,1992,1,0,5,1,0.0,3,1,1,3,3,3,5,0,5,0,651,651,0,2,1,4,707,682,0,1389,0,0,1,1,3,1,3,6,5,2,2,5,1947.0,2,1,240,4,4,1,0,0,126,0,0,0,0,2,1,0,9,2009,7,4
353,50,3,60.0,9084,1,0,3,3,0,4,0,6,0,2,0,0,5,6,1941,1950,1,0,10,1,0.0,3,3,1,3,0,2,3,236,4,380,0,616,0,4,0,4,616,495,0,1111,0,1,1,0,3,1,3,5,5,0,2,5,1941.0,2,1,200,4,1,2,48,0,0,0,0,0,0,2,1,0,3,2008,5,4
265,30,4,30.0,5232,1,0,2,0,0,4,0,16,0,2,0,2,5,5,1925,2004,1,0,11,1,0.0,3,3,0,1,3,3,5,0,5,0,680,680,0,2,0,2,764,0,0,764,0,0,1,0,2,1,3,4,5,0,2,5,1965.0,2,2,504,4,4,0,0,0,0,0,0,0,0,2,1,0,6,2008,7,4
316,60,3,71.0,7795,1,0,0,3,0,4,0,7,2,2,0,5,7,5,2004,2005,1,0,10,1,0.0,2,3,2,2,3,3,2,425,5,0,291,716,0,0,1,4,716,716,0,1432,1,0,2,1,3,1,2,6,5,1,2,1,2004.0,0,2,432,4,4,2,100,51,0,0,0,0,0,2,1,0,7,2009,7,4
154,20,3,70.0,13500,1,0,3,3,0,4,0,3,2,2,0,2,6,7,1960,1975,0,0,8,1,0.0,3,3,1,2,3,1,1,429,0,1080,93,1602,0,2,1,4,1252,0,0,1252,1,0,1,0,1,1,3,4,5,1,2,1,1960.0,1,2,564,4,4,2,409,0,0,0,0,0,0,2,1,0,3,2008,7,4
135,20,3,78.0,10335,1,0,0,3,0,4,0,18,2,2,0,2,5,6,1968,1993,1,0,8,1,0.0,3,3,1,3,3,3,4,570,5,0,891,1461,0,2,1,4,1721,0,0,1721,0,0,2,1,3,1,3,7,2,1,4,1,1968.0,1,2,440,4,4,2,0,96,180,0,0,0,0,2,1,0,7,2006,7,4
156,50,3,60.0,9600,1,0,3,3,0,0,0,6,0,2,0,0,6,5,1924,1950,1,0,11,1,0.0,3,3,0,3,3,3,5,0,5,0,572,572,2,1,0,1,572,524,0,1096,0,0,1,0,2,1,3,5,5,0,2,1,2006.0,2,0,0,4,4,0,0,8,128,0,0,0,0,2,1,0,4,2008,7,4
370,20,3,70.0,9830,1,0,0,3,0,0,0,11,2,2,0,2,5,7,1959,2006,1,0,11,1,0.0,3,1,1,3,3,3,0,72,4,258,733,1063,0,0,1,4,1287,0,0,1287,1,0,1,0,3,1,2,7,5,1,2,5,1997.0,0,2,576,4,4,2,364,17,0,0,182,0,0,2,1,0,3,2010,7,4
104,20,3,94.0,10402,1,0,0,3,0,0,0,4,2,2,0,2,7,5,2009,2009,1,0,10,1,0.0,3,3,2,2,3,3,5,0,5,0,1226,1226,0,0,1,4,1226,0,0,1226,0,0,2,0,3,1,2,6,5,0,2,1,2009.0,1,3,740,4,4,2,0,36,0,0,0,0,0,2,1,0,5,2010,7,4
384,45,2,60.0,9000,1,0,3,3,0,0,0,19,2,2,0,1,6,3,1928,1950,1,0,11,1,0.0,3,3,0,1,0,3,5,0,5,0,784,784,0,4,0,0,784,0,0,784,0,0,1,0,2,1,3,5,5,0,2,5,1950.0,2,2,360,1,1,0,0,0,91,0,0,0,0,2,1,0,10,2009,7,4
90,20,3,60.0,8070,1,0,3,3,0,4,0,4,2,2,0,2,4,5,1994,1995,1,0,10,1,0.0,3,3,2,2,3,3,2,588,5,0,402,990,0,0,1,4,990,0,0,990,1,0,1,0,3,1,3,5,5,0,2,1,2006.0,2,0,0,4,4,2,0,0,0,0,0,0,0,2,1,0,8,2007,7,4
471,120,3,70.0,6820,1,0,0,3,0,0,0,21,2,2,4,2,8,5,1985,1985,1,0,5,1,0.0,2,3,2,2,3,0,2,368,1,1120,0,1488,0,4,1,4,1502,0,0,1502,1,0,1,1,1,1,2,4,5,0,2,1,1985.0,1,2,528,4,4,2,0,54,0,0,140,0,0,2,1,0,6,2010,7,4
339,20,3,91.0,14145,1,0,3,3,0,0,0,13,2,2,0,2,7,7,1984,1998,1,0,11,1,0.0,2,3,1,2,3,2,0,213,5,0,995,1208,0,0,1,4,1621,0,0,1621,1,0,2,0,3,1,2,8,5,0,2,1,1984.0,1,2,440,4,4,2,108,45,0,0,0,0,0,2,1,400,5,2006,7,4
221,20,3,73.0,8990,1,0,0,3,0,4,0,4,2,2,0,2,7,5,2006,2006,1,0,10,1,0.0,2,3,2,2,3,2,5,0,5,0,1498,1498,0,0,1,4,1498,0,0,1498,0,0,2,0,2,1,2,5,5,0,2,1,2006.0,1,2,675,4,4,2,351,33,0,0,0,0,0,2,1,0,4,2006,6,5
479,20,3,79.0,10637,1,0,3,3,0,4,0,4,2,2,0,2,8,5,2007,2008,3,0,10,2,336.0,2,3,2,0,3,1,2,1288,5,0,417,1705,0,0,1,4,1718,0,0,1718,1,0,2,0,3,1,2,7,5,1,2,1,2007.0,1,3,826,4,4,2,208,44,0,0,0,0,0,2,1,0,9,2009,7,4
126,190,4,60.0,6780,1,0,3,3,0,4,0,8,2,2,1,0,6,8,1935,1982,1,0,11,1,0.0,3,0,1,3,3,0,2,490,5,0,30,520,0,2,0,4,520,0,234,754,1,0,1,0,2,1,3,5,5,0,2,1,2006.0,2,0,0,4,4,0,53,0,0,0,0,0,0,2,1,0,6,2006,7,4
500,20,3,70.0,7535,1,0,0,3,0,4,0,11,2,2,0,2,5,7,1958,1985,1,0,7,1,0.0,3,3,1,3,3,3,1,111,3,279,522,912,0,1,1,4,912,0,0,912,0,1,1,0,2,1,3,5,5,0,2,1,1958.0,0,1,297,4,4,2,12,285,0,0,0,0,0,3,1,480,6,2007,7,4
22,45,4,57.0,7449,1,0,3,0,0,4,0,8,2,2,0,1,7,7,1930,1950,1,0,11,1,0.0,3,3,2,3,3,3,5,0,5,0,637,637,0,0,1,1,1108,0,0,1108,0,0,1,0,3,1,2,6,5,1,2,1,1930.0,2,1,280,4,4,0,0,0,205,0,0,0,0,0,1,0,6,2007,7,4
195,20,3,60.0,7180,1,0,0,3,0,4,0,4,2,2,0,2,5,7,1972,1972,3,0,5,1,0.0,3,3,1,3,3,0,0,390,5,0,474,864,0,4,1,4,864,0,0,864,0,0,1,0,3,1,3,5,5,0,2,5,1989.0,2,1,352,4,4,2,0,0,0,0,0,0,0,2,1,0,5,2008,7,4
74,20,3,85.0,10200,1,0,3,3,0,4,0,11,2,2,0,2,5,7,1954,2003,1,0,11,1,104.0,3,3,1,3,3,3,0,320,1,362,404,1086,0,2,1,4,1086,0,0,1086,1,0,1,0,3,1,3,6,5,0,2,1,1989.0,2,2,490,4,4,2,0,0,0,0,0,0,0,1,1,0,5,2010,7,4
111,50,3,75.0,9525,1,0,3,3,0,4,0,6,2,2,0,0,6,4,1954,1972,1,0,11,1,0.0,3,3,1,3,0,3,4,444,5,0,550,994,0,2,1,4,1216,639,0,1855,0,0,2,0,4,1,3,7,5,0,2,1,1954.0,2,1,325,4,4,2,182,0,0,0,0,0,0,2,1,0,10,2006,7,4
278,20,3,140.0,19138,1,0,3,3,0,0,0,7,2,2,0,2,4,5,1951,1951,1,0,10,1,0.0,3,3,1,3,3,3,3,120,5,0,744,864,0,0,1,4,864,0,0,864,0,0,1,0,2,1,3,4,5,0,2,5,1951.0,2,2,400,4,4,2,0,0,0,0,0,0,0,2,1,0,6,2010,7,4
358,120,4,44.0,4224,1,0,3,3,0,4,0,9,2,2,4,2,5,5,1976,1976,1,0,4,1,0.0,3,3,2,2,3,3,0,874,5,0,268,1142,0,4,1,4,1142,0,0,1142,1,0,1,1,3,1,3,6,5,1,3,1,1976.0,0,2,528,4,4,2,536,90,0,0,0,0,0,2,1,0,8,2007,7,4
448,60,3,70.0,11214,1,0,0,3,0,0,0,7,2,2,0,5,7,5,1998,1999,1,0,10,1,0.0,2,3,2,2,3,3,5,0,5,0,930,930,0,2,1,4,956,930,0,1886,0,0,2,1,4,1,2,10,5,1,4,1,1998.0,0,2,431,4,4,2,89,0,0,0,0,0,0,2,1,0,7,2006,7,4
107,30,4,60.0,10800,1,0,3,3,0,4,0,16,2,2,0,2,4,7,1885,1995,4,0,10,1,0.0,3,3,0,1,3,3,5,0,5,0,641,641,0,2,1,4,1047,0,0,1047,0,0,1,0,2,1,3,6,5,0,2,5,1954.0,2,1,273,1,1,0,0,0,0,0,0,0,0,2,1,450,8,2007,7,4
